ird_term	ird_label	ird_all_xrefs	mondo_curie	mondo_label	matching_xrefs	mondo_all_xrefs
<http://www.semanticweb.org/msh/ontologies/2023/1/IRD#Retinitis_punctata_albescens>	IRD_1_1_1_Retinitis_punctata_albescens	['ICD11:9B70', 'OMIM:136880', 'Orphanet:52427', 'SCTID:715562001', 'UMLS:C1405854']	MONDO:0007639	fundus albipunctatus	['OMIM:136880']	['DOID:11105', 'GARD:13809', 'ICD10CM:H35.5', 'ICD9:362.74', 'ICD9:362.76', 'MEDGEN:86317', 'MESH:C562733', 'OMIM:136880', 'Orphanet:227796', 'SCTID:68222009', 'UMLS:C0311338', 'icd11.foundation:1981512475']
<http://www.semanticweb.org/msh/ontologies/2023/1/IRD#Retinitis_punctata_albescens>	IRD_1_1_1_Retinitis_punctata_albescens	['ICD11:9B70', 'OMIM:136880', 'Orphanet:52427', 'SCTID:715562001', 'UMLS:C1405854']	MONDO:0018877	retinitis punctata albescens	['Orphanet:52427', 'SCTID:715562001', 'UMLS:C1405854']	['GARD:16655', 'ICD10CM:H35.5', 'MEDGEN:278050', 'Orphanet:52427', 'SCTID:715562001', 'UMLS:C1405854', 'icd11.foundation:567796529']
<http://www.semanticweb.org/msh/ontologies/2023/1/IRD#Retinopathy,_pericentral_pigmentary,_autosomal_recessive>	IRD_1_1_2_1_Retinopathy,_pericentral_pigmentary,_autosomal_recessive	['OMIM:268060', 'UMLS:C1849398']	MONDO:0009987	autosomal recessive pericentral pigmentary retinopathy	['OMIM:268060', 'UMLS:C1849398']	['DOID:0110422', 'GARD:15231', 'ICD10CM:H35.5', 'MEDGEN:340314', 'MESH:C564838', 'OMIM:268060', 'UMLS:C1849398']
<http://www.semanticweb.org/msh/ontologies/2023/1/IRD#Retinopathy,_pericentral_pigmentary,_dominant>	IRD_1_1_2_2_Retinopathy,_pericentral_pigmentary,_dominant	['OMIM:180210', 'UMLS:C1867261']	MONDO:0008381	dominant pericentral pigmentary retinopathy	['OMIM:180210', 'UMLS:C1867261']	['DOID:0110420', 'GARD:15111', 'ICD10CM:H35.5', 'MEDGEN:357237', 'MESH:C566713', 'OMIM:180210', 'UMLS:C1867261']
<http://www.semanticweb.org/msh/ontologies/2023/1/IRD#Pericentral_retinitis_pigmentosa>	IRD_1_1_2_Pericentral_retinitis_pigmentosa	['OMIM:268060', 'SCTID:26216008+28835009', 'UMLS:C1849398']	MONDO:0009987	autosomal recessive pericentral pigmentary retinopathy	['OMIM:268060', 'UMLS:C1849398']	['DOID:0110422', 'GARD:15231', 'ICD10CM:H35.5', 'MEDGEN:340314', 'MESH:C564838', 'OMIM:268060', 'UMLS:C1849398']
<http://www.semanticweb.org/msh/ontologies/2023/1/IRD#Sector_retinitis_pigmentosa>	IRD_1_1_3_Sector_retinitis_pigmentosa	[nan]				
<http://www.semanticweb.org/msh/ontologies/2023/1/IRD#Late-_onset_retinal_degeneration;_LORD>	IRD_1_1_4_Late-_onset_retinal_degeneration;_LORD	['ICD11:9B70', 'OMIM:605670', 'Orphanet:67042', 'SCTID:719431007', 'UMLS:C1854065']	MONDO:0011579	late-onset retinal degeneration	['OMIM:605670', 'Orphanet:67042', 'SCTID:719431007', 'UMLS:C1854065']	['DOID:0060869', 'GARD:4357', 'MEDGEN:344198', 'MESH:C565309', 'OMIM:605670', 'Orphanet:67042', 'SCTID:719431007', 'UMLS:C1854065']
<http://www.semanticweb.org/msh/ontologies/2023/1/IRD#Pigmented_paravenous_retinochoroidal_atrophy_(PPRCA)>	IRD_1_1_5_Pigmented_paravenous_retinochoroidal_atrophy_(PPRCA)	['ICD11:9B7Y', 'OMIM:172870', 'Orphanet:251295', 'SCTID:723450004', 'UMLS:C1868310']	MONDO:0008246	pigmented paravenous retinochoroidal atrophy	['OMIM:172870', 'Orphanet:251295', 'SCTID:723450004', 'UMLS:C1868310']	['DOID:0111541', 'GARD:17208', 'ICD10CM:H35.5', 'MEDGEN:401413', 'MESH:C566801', 'OMIM:172870', 'Orphanet:251295', 'SCTID:723450004', 'UMLS:C1868310', 'icd11.foundation:1278139412']
<http://www.semanticweb.org/msh/ontologies/2023/1/IRD#Retinitis_pigmentosa>	IRD_1_1_Retinitis_pigmentosa	['ICD11:9B70', 'OMIM:268000', 'SCTID:28835009']	MONDO:0019200	retinitis pigmentosa	['OMIM:268000', 'SCTID:28835009']	['DOID:10584', 'GARD:5694', 'ICD10CM:H35.5', 'MEDGEN:20551', 'MESH:D012174', 'MedDRA:10038914', 'NANDO:1200431', 'NCIT:C85045', 'NORD:1661', 'OMIM:268000', 'OMIMPS:268000', 'Orphanet:791', 'SCTID:28835009', 'UMLS:C0035334']
<http://www.semanticweb.org/msh/ontologies/2023/1/IRD#Leber_congenital_amaurosis>	IRD_1_2_Leber_congenital_amaurosis	['ICD11:9B70', 'Orphanet:65', 'SCTID:193413001', 'UMLS:C0339527']	MONDO:0018998	Leber congenital amaurosis	['Orphanet:65', 'SCTID:193413001', 'UMLS:C0339527']	['DOID:14791', 'GARD:634', 'ICD10CM:H35.5', 'MEDGEN:137922', 'MESH:D057130', 'MedDRA:10070667', 'NCIT:C129075', 'NORD:1351', 'OMIMPS:204000', 'Orphanet:65', 'SCTID:193413001', 'UMLS:C0339527', 'icd11.foundation:650490256']
<http://www.semanticweb.org/msh/ontologies/2023/1/IRD#Severe_early_childhood_onset_retinal_dystrophy>	IRD_1_3_Severe_early_childhood_onset_retinal_dystrophy	['Orphanet:364055', 'SCTID:716663009', 'UMLS:C4274354']	MONDO:0009549	severe early-childhood-onset retinal dystrophy	['Orphanet:364055', 'SCTID:716663009']	['GARD:21565', 'ICD10CM:H35.5', 'MEDGEN:383691', 'OMIM:248200', 'Orphanet:364055', 'SCTID:716663009', 'UMLS:C1855465']
<http://www.semanticweb.org/msh/ontologies/2023/1/IRD#Cone-rod_dystrophy>	IRD_1_4_Cone-rod_dystrophy	['ICD11:9B70', 'Orphanet:1872', 'SCTID:80328002', 'UMLS:C4085590']	MONDO:0007362	cone-rod dystrophy 2	['SCTID:80328002']	['DOID:0111005', 'GARD:6145', 'ICD9:362.75', 'MEDGEN:483485', 'NCIT:C162399', 'OMIM:120970', 'SCTID:80328002', 'UMLS:C3489532']
<http://www.semanticweb.org/msh/ontologies/2023/1/IRD#Cone-rod_dystrophy>	IRD_1_4_Cone-rod_dystrophy	['ICD11:9B70', 'Orphanet:1872', 'SCTID:80328002', 'UMLS:C4085590']	MONDO:0015993	cone-rod dystrophy	['Orphanet:1872', 'UMLS:C4085590']	['DOID:0050572', 'GARD:10790', 'ICD10CM:H35.5', 'MEDGEN:896366', 'MESH:D000071700', 'NANDO:1200937', 'OMIMPS:120970', 'Orphanet:1872', 'UMLS:C4085590']
<http://www.semanticweb.org/msh/ontologies/2023/1/IRD#Cone_dystrophy,_X-linked,_with_tapetal-like_sheen>	IRD_1_5_1_Cone_dystrophy,_X-linked,_with_tapetal-like_sheen	['OMIM:304030', 'Orphanet:1871', 'UMLS:C1844775']	MONDO:0010567	cone dystrophy, X-linked, with tapetal-like sheen	['OMIM:304030', 'UMLS:C1844775']	['GARD:10119', 'MEDGEN:336776', 'MESH:C535975', 'OMIM:304030', 'UMLS:C1844775']
<http://www.semanticweb.org/msh/ontologies/2023/1/IRD#Cone_dystrophy,_X-linked,_with_tapetal-like_sheen>	IRD_1_5_1_Cone_dystrophy,_X-linked,_with_tapetal-like_sheen	['OMIM:304030', 'Orphanet:1871', 'UMLS:C1844775']	MONDO:0000455	cone dystrophy	['Orphanet:1871']	['DOID:0050795', 'GARD:11897', 'ICD9:362.75', 'MEDGEN:676499', 'MESH:D000077765', 'NANDO:1200936', 'Orphanet:1871', 'SCTID:312917007', 'UMLS:C0730290']
<http://www.semanticweb.org/msh/ontologies/2023/1/IRD#Cone_dystrophy_with_supernormal_rod_response>	IRD_1_5_2_Cone_dystrophy_with_supernormal_rod_response	['ICD11:9B7Y', 'OMIM:610356', 'Orphanet:209932', 'SCTID:267613004', 'UMLS:C4304714']	MONDO:0012475	cone dystrophy with supernormal rod response	['OMIM:610356', 'Orphanet:209932']	['DOID:0081022', 'GARD:10649', 'MEDGEN:332081', 'MESH:C563678', 'OMIM:610356', 'Orphanet:209932', 'SCTID:719455002', 'UMLS:C1835897', 'icd11.foundation:545671557']
<http://www.semanticweb.org/msh/ontologies/2023/1/IRD#Progressive_cone_dystrophy>	IRD_1_5_Progressive_cone_dystrophy	['ICD11:9B70', 'Orphanet:1871', 'SCTID:267613004', 'UMLS:C3665342']	MONDO:0000455	cone dystrophy	['Orphanet:1871']	['DOID:0050795', 'GARD:11897', 'ICD9:362.75', 'MEDGEN:676499', 'MESH:D000077765', 'NANDO:1200936', 'Orphanet:1871', 'SCTID:312917007', 'UMLS:C0730290']
<http://www.semanticweb.org/msh/ontologies/2023/1/IRD#Bothnia_retinal_dystrophy>	IRD_1_6_Bothnia_retinal_dystrophy	['ICD11:9B70', 'OMIM:607475', 'Orphanet:85128', 'SCTID:715647007', 'UMLS:C1843816']	MONDO:0011838	Bothnia retinal dystrophy	['OMIM:607475', 'Orphanet:85128', 'SCTID:715647007', 'UMLS:C1843816']	['DOID:0050683', 'GARD:16734', 'ICD10CM:H35.5', 'MEDGEN:334499', 'MESH:C564392', 'OMIM:607475', 'Orphanet:85128', 'SCTID:715647007', 'UMLS:C1843816', 'icd11.foundation:2110390212']
<http://www.semanticweb.org/msh/ontologies/2023/1/IRD#Diffuse_Photoreceptor_Dystrophies>	IRD_1_Diffuse_Photoreceptor_Dystrophies	[nan]				
<http://www.semanticweb.org/msh/ontologies/2023/1/IRD#Stargardt_disease>	IRD_2_1_1_Stargardt_disease	['ICD11:9B70', 'SCTID:70099003', 'UMLS:C0271093']	MONDO:0019353	Stargardt disease	['UMLS:C0271093']	['DOID:0050817', 'GARD:181', 'ICD10CM:H35.5', 'MEDGEN:75734', 'MESH:D000080362', 'MedDRA:10062766', 'NANDO:1200933', 'NCIT:C85078', 'Orphanet:827', 'SCTID:47673003', 'UMLS:C0271093', 'icd11.foundation:1690038580']
<http://www.semanticweb.org/msh/ontologies/2023/1/IRD#Fundus_flavimaculatus>	IRD_2_1_2_Fundus_flavimaculatus	['ICD11:9B70', 'OMIM:248200', 'Orphanet:827', 'SCTID:47673003', 'UMLS:C0271093']	MONDO:0019353	Stargardt disease	['Orphanet:827', 'SCTID:47673003', 'UMLS:C0271093']	['DOID:0050817', 'GARD:181', 'ICD10CM:H35.5', 'MEDGEN:75734', 'MESH:D000080362', 'MedDRA:10062766', 'NANDO:1200933', 'NCIT:C85078', 'Orphanet:827', 'SCTID:47673003', 'UMLS:C0271093', 'icd11.foundation:1690038580']
<http://www.semanticweb.org/msh/ontologies/2023/1/IRD#Fundus_flavimaculatus>	IRD_2_1_2_Fundus_flavimaculatus	['ICD11:9B70', 'OMIM:248200', 'Orphanet:827', 'SCTID:47673003', 'UMLS:C0271093']	MONDO:0009549	severe early-childhood-onset retinal dystrophy	['OMIM:248200']	['GARD:21565', 'ICD10CM:H35.5', 'MEDGEN:383691', 'OMIM:248200', 'Orphanet:364055', 'SCTID:716663009', 'UMLS:C1855465']
<http://www.semanticweb.org/msh/ontologies/2023/1/IRD#Flecked_retina_disorders>	IRD_2_1_Flecked_retina_disorders	['SCTID:770434009']				
<http://www.semanticweb.org/msh/ontologies/2023/1/IRD#Best_disease>	IRD_2_2_1_Best_disease	['ICD11:9B70']				
<http://www.semanticweb.org/msh/ontologies/2023/1/IRD#Adult-onset_foveomacular_vitelliform_dystrophy>	IRD_2_2_2_Adult-onset_foveomacular_vitelliform_dystrophy	['ICD11:9B70', 'OMIM:608161', 'Orphanet:99000', 'SCTID:232049001']	MONDO:0024561	vitelliform macular dystrophy 3	['OMIM:608161']	['OMIM:608161']
<http://www.semanticweb.org/msh/ontologies/2023/1/IRD#Adult-onset_foveomacular_vitelliform_dystrophy>	IRD_2_2_2_Adult-onset_foveomacular_vitelliform_dystrophy	['ICD11:9B70', 'OMIM:608161', 'Orphanet:99000', 'SCTID:232049001']	MONDO:0011979	adult-onset foveomacular vitelliform dystrophy	['Orphanet:99000', 'SCTID:232049001']	['GARD:10909', 'ICD10CM:H35.5', 'MEDGEN:334280', 'Orphanet:99000', 'SCTID:232049001', 'UMLS:C1842914', 'icd11.foundation:558806410']
<http://www.semanticweb.org/msh/ontologies/2023/1/IRD#Bestrophinopathy_(Bestrophinopathy,_autosomal_recessive;_ARB)>	IRD_2_2_3_Bestrophinopathy_(Bestrophinopathy,_autosomal_recessive;_ARB)	['OMIM:611809', 'Orphanet:139455', 'SCTID:723828008', 'UMLS:C2678493']	MONDO:0012733	autosomal recessive bestrophinopathy	['OMIM:611809', 'Orphanet:139455', 'SCTID:723828008']	['DOID:0050662', 'GARD:10301', 'ICD10CM:H35.5', 'MEDGEN:854806', 'MESH:C567518', 'OMIM:611809', 'Orphanet:139455', 'SCTID:723828008', 'UMLS:C3888198']
<http://www.semanticweb.org/msh/ontologies/2023/1/IRD#Atypical_vitelliform_degenerations>	IRD_2_2_4_Atypical_vitelliform_degenerations	['SCTID:112231000+90036004', 'UMLS:C1835178']				
<http://www.semanticweb.org/msh/ontologies/2023/1/IRD#Basal_laminar_drusen>	IRD_2_2_5_1_Basal_laminar_drusen	['OMIM:126700', 'SCTID:312926005', 'UMLS:C0730295']	MONDO:0007472	basal laminar drusen	['OMIM:126700', 'UMLS:C0730295']	['DOID:0060746', 'GARD:15060', 'ICD10CM:H35.5', 'MEDGEN:152676', 'MESH:C563034', 'OMIM:126700', 'UMLS:C0730295']
<http://www.semanticweb.org/msh/ontologies/2023/1/IRD#Familial_flecked_retinopathy>	IRD_2_2_5_2_Familial_flecked_retinopathy	['ICD11:9B70']				
<http://www.semanticweb.org/msh/ontologies/2023/1/IRD#Doyne_honeycomb_retinal_dystrophy;_DHRD>	IRD_2_2_5_3_Doyne_honeycomb_retinal_dystrophy;_DHRD	['OMIM:126600', 'Orphanet:75376', 'UMLS:C1832174']	MONDO:0007471	Doyne honeycomb retinal dystrophy	['OMIM:126600', 'Orphanet:75376', 'UMLS:C1832174']	['DOID:0060745', 'GARD:1912', 'ICD10CM:H35.5', 'MEDGEN:321900', 'OMIM:126600', 'Orphanet:75376', 'SCTID:193411004', 'UMLS:C1832174']
<http://www.semanticweb.org/msh/ontologies/2023/1/IRD#Familial_benign_flecked_retina>	IRD_2_2_5_4_Familial_benign_flecked_retina	['OMIM:228980', 'Orphanet:363989', 'SCTID:770434009', 'UMLS:C1856718']	MONDO:0009235	familial benign flecked retina	['OMIM:228980', 'Orphanet:363989', 'UMLS:C1856718']	['DOID:0111677', 'GARD:18651', 'ICD10CM:H35.5', 'MEDGEN:341605', 'MESH:C565564', 'OMIM:228980', 'Orphanet:363989', 'UMLS:C1856718']
<http://www.semanticweb.org/msh/ontologies/2023/1/IRD#Familial_Drusen>	IRD_2_2_5_Familial_Drusen	['ICD11:9B70', 'Orphanet:75376', 'SCTID:193411004', 'UMLS:C0339513']	MONDO:0007471	Doyne honeycomb retinal dystrophy	['Orphanet:75376', 'SCTID:193411004']	['DOID:0060745', 'GARD:1912', 'ICD10CM:H35.5', 'MEDGEN:321900', 'OMIM:126600', 'Orphanet:75376', 'SCTID:193411004', 'UMLS:C1832174']
<http://www.semanticweb.org/msh/ontologies/2023/1/IRD#Kandori_fleck_retina>	IRD_2_2_6_Kandori_fleck_retina	['ICD11:9B70', 'OMIM:228990', 'Orphanet:99179', 'SCTID:765191009', 'UMLS:C0271257']	MONDO:0009236	Kandori fleck retina	['OMIM:228990', 'Orphanet:99179', 'SCTID:765191009', 'UMLS:C0271257']	['GARD:16900', 'ICD10CM:H35.5', 'MEDGEN:78764', 'MESH:C562701', 'OMIM:228990', 'Orphanet:99179', 'SCTID:765191009', 'UMLS:C0271257', 'icd11.foundation:697904956']
<http://www.semanticweb.org/msh/ontologies/2023/1/IRD#Vitelliform_degenerations>	IRD_2_2_Vitelliform_degenerations	['ICD11:9B70', 'SCTID:90036004', 'UMLS:C0339510']	MONDO:0000390	vitelliform macular dystrophy	['SCTID:90036004', 'UMLS:C0339510']	['DOID:0050661', 'ICD10CM:H35.5', 'MEDGEN:137920', 'MESH:D057826', 'NANDO:1200932', 'NCIT:C118788', 'OMIMPS:153840', 'SCTID:90036004', 'UMLS:C0339510']
<http://www.semanticweb.org/msh/ontologies/2023/1/IRD#Butterfly-shaped_pigment_dystrophy>	IRD_2_3_1_Butterfly-shaped_pigment_dystrophy	['ICD11:9B70', 'Orphanet:99001', 'SCTID:725590001', 'UMLS:C4511237']	MONDO:0020381	patterned macular dystrophy	['SCTID:725590001']	['DOID:0060863', 'ICD10CM:H35.5', 'OMIMPS:169150', 'SCTID:725590001']
<http://www.semanticweb.org/msh/ontologies/2023/1/IRD#Butterfly-shaped_pigment_dystrophy>	IRD_2_3_1_Butterfly-shaped_pigment_dystrophy	['ICD11:9B70', 'Orphanet:99001', 'SCTID:725590001', 'UMLS:C4511237']	MONDO:0100466	butterfly-shaped pigment dystrophy	['Orphanet:99001', 'SCTID:725590001', 'UMLS:C4511237']	['GARD:16890', 'MEDGEN:1381271', 'Orphanet:99001', 'SCTID:725590001', 'UMLS:C4511237', 'icd11.foundation:1639469808']
<http://www.semanticweb.org/msh/ontologies/2023/1/IRD#Reticular_dystrophy_of_the_retinal_pigment_epithelium>	IRD_2_3_2_Reticular_dystrophy_of_the_retinal_pigment_epithelium	['ICD11:9B70', 'OMIM:179840', 'Orphanet:99002', 'SCTID:723502001', 'UMLS:C1867332']	MONDO:0009979	reticular dystrophy of the retinal pigment epithelium	['OMIM:179840', 'Orphanet:99002', 'SCTID:723502001', 'UMLS:C1867332']	['GARD:16891', 'ICD10CM:H35.5', 'MEDGEN:356753', 'MESH:C564844', 'MESH:C566721', 'OMIM:179840', 'Orphanet:99002', 'SCTID:723502001', 'UMLS:C1867332', 'icd11.foundation:878593681']
<http://www.semanticweb.org/msh/ontologies/2023/1/IRD#Fundus_pulverulentus>	IRD_2_3_3_Fundus_pulverulentus	['ICD11:9B70', 'Orphanet:99004', 'SCTID:770437002', 'UMLS:C4749286']	MONDO:0020383	fundus pulverulentus	['Orphanet:99004', 'UMLS:C4749286']	['GARD:19613', 'ICD10CM:H35.5', 'MEDGEN:1669231', 'Orphanet:99004', 'UMLS:C4749286', 'icd11.foundation:871251875']
<http://www.semanticweb.org/msh/ontologies/2023/1/IRD#Multi-focal_pattern_dystrophy_simulating_fundus_flavimaculatus>	IRD_2_3_4_Multi-focal_pattern_dystrophy_simulating_fundus_flavimaculatus	['ICD11:9B70', 'Orphanet:99003', 'UMLS:C4509881']	MONDO:0020382	multifocal pattern dystrophy simulating fundus flavimaculatus	['Orphanet:99003', 'UMLS:C4509881']	['GARD:19612', 'ICD10CM:H35.5', 'MEDGEN:1376850', 'Orphanet:99003', 'SCTID:723408004', 'UMLS:C4509881', 'icd11.foundation:1819044742']
<http://www.semanticweb.org/msh/ontologies/2023/1/IRD#Pattern_dystrophy_of_macula>	IRD_2_3_Pattern_dystrophy_of_macula	['SCTID:232051002', 'UMLS:C0339514']				
<http://www.semanticweb.org/msh/ontologies/2023/1/IRD#Sorsby_pseudoinflammatory_fundus_dystrophy>	IRD_2_4_Sorsby_pseudoinflammatory_fundus_dystrophy	['OMIM:136900', 'Orphanet:59181', 'SCTID:193410003', 'UMLS:C1850938']	MONDO:0007640	Sorsby fundus dystrophy	['OMIM:136900', 'Orphanet:59181', 'SCTID:193410003', 'UMLS:C1850938']	['DOID:0090114', 'GARD:16480', 'MEDGEN:338164', 'MESH:C564992', 'OMIM:136900', 'Orphanet:59181', 'SCTID:193410003', 'UMLS:C1850938', 'icd11.foundation:796458172']
<http://www.semanticweb.org/msh/ontologies/2023/1/IRD#Dominant_cystoid_macular_dystrophy;_DCMD>	IRD_2_5_Dominant_cystoid_macular_dystrophy;_DCMD	['OMIM:153880', 'Orphanet:75381', 'UMLS:C0024440']	MONDO:0007935	cystoid macular edema	['OMIM:153880', 'Orphanet:75381', 'UMLS:C0024440']	['DOID:4447', 'GARD:16694', 'ICD10CM:H35.5', 'MEDGEN:7435', 'NCIT:C34794', 'OMIM:153880', 'Orphanet:75381', 'SCTID:312921000', 'UMLS:C0024440']
<http://www.semanticweb.org/msh/ontologies/2023/1/IRD#Occult_macular_dystrophy;_OCMD>	IRD_2_6_Occult_macular_dystrophy;_OCMD	['ICD11:9B75.Y', 'OMIM:613587', 'Orphanet:247834', 'SCTID:770667002', 'UMLS:C3150833']	MONDO:0013316	occult macular dystrophy	['OMIM:613587', 'Orphanet:247834', 'UMLS:C3150833']	['DOID:0050578', 'GARD:17200', 'ICD10CM:H35.5', 'MEDGEN:462183', 'NANDO:1200934', 'OMIM:613587', 'Orphanet:247834', 'UMLS:C3150833', 'icd11.foundation:863463706']
<http://www.semanticweb.org/msh/ontologies/2023/1/IRD#Macular_Dystrophies>	IRD_2_Macular_Dystrophies	['ICD11:9B70', 'SCTID:276436007']	MONDO:0020242	hereditary macular dystrophy	['SCTID:276436007']	['ICD10CM:H35.5', 'MEDGEN:137919', 'NANDO:1200931', 'NCIT:C140264', 'Orphanet:98664', 'SCTID:276436007', 'UMLS:C0339508']
<http://www.semanticweb.org/msh/ontologies/2023/1/IRD#Helicoid_peripapillary_chorioretinal_degeneration;_HPCD>	IRD_3_1_1_Helicoid_peripapillary_chorioretinal_degeneration;_HPCD	['ICD11:9B70', 'OMIM:108985', 'Orphanet:86813', 'SCTID:724384008', 'UMLS:C1862382']	MONDO:0007176	helicoid peripapillary chorioretinal degeneration	['OMIM:108985', 'Orphanet:86813', 'SCTID:724384008', 'UMLS:C1862382']	['DOID:0111228', 'GARD:16757', 'MEDGEN:354733', 'MESH:C566236', 'OMIM:108985', 'Orphanet:86813', 'SCTID:724384008', 'UMLS:C1862382', 'icd11.foundation:896652469']
<http://www.semanticweb.org/msh/ontologies/2023/1/IRD#Choroideremia;_CHM>	IRD_3_1_2_Choroideremia;_CHM	['ICD11:9B61', 'OMIM:303100', 'Orphanet:180', 'SCTID:75241009', 'UMLS:C0008525']	MONDO:0010557	choroideremia	['OMIM:303100', 'Orphanet:180', 'SCTID:75241009', 'UMLS:C0008525']	['DOID:9821', 'GARD:6061', 'ICD10CM:H31.21', 'ICD9:363.55', 'MEDGEN:944', 'MESH:D015794', 'MedDRA:10008791', 'NCIT:C34469', 'OMIM:303100', 'Orphanet:180', 'SCTID:75241009', 'UMLS:C0008525', 'icd11.foundation:217923263']
<http://www.semanticweb.org/msh/ontologies/2023/1/IRD#Choroideremia_–_hypopituitarism>	IRD_3_1_3_Choroideremia_–_hypopituitarism	['ICD11:9B61', 'SCTID:75241009+74728003', 'UMLS:C4275146']				
<http://www.semanticweb.org/msh/ontologies/2023/1/IRD#Gyrate_atrophy;_GACR>	IRD_3_1_4_Gyrate_atrophy;_GACR	['ICD11:9B61', 'OMIM:258870', 'Orphanet:414', 'SCTID:314467007', 'UMLS:C0018425']	MONDO:0009796	ornithine aminotransferase deficiency	['OMIM:258870', 'Orphanet:414', 'UMLS:C0018425']	['DOID:1415', 'GARD:6556', 'MEDGEN:6695', 'MESH:C538071', 'MESH:D015799', 'NANDO:2200484', 'NANDO:2200486', 'NCIT:C84744', 'OMIM:258870', 'Orphanet:414', 'UMLS:C0018425']
<http://www.semanticweb.org/msh/ontologies/2023/1/IRD#Ectopia_lentis_-_chorioretinal_dystrophy_–_myopia_syndrome>	IRD_3_1_5_Ectopia_lentis_-_chorioretinal_dystrophy_–_myopia_syndrome	['ICD11:LA12.Y', 'Orphanet:1884', 'SCTID:722437006', 'UMLS:C4302545']	MONDO:0015997	ectopia lentis-chorioretinal dystrophy-myopia syndrome	['Orphanet:1884', 'SCTID:722437006']	['GARD:3999', 'MEDGEN:419715', 'MESH:C536124', 'Orphanet:1884', 'SCTID:722437006', 'UMLS:C2931115']
<http://www.semanticweb.org/msh/ontologies/2023/1/IRD#Bietti_crystalline_retinopathy;_BCD>	IRD_3_1_6_Bietti_crystalline_retinopathy;_BCD	['ICD11:9B61', 'OMIM:210370', 'Orphanet:41751', 'SCTID:312927001', 'UMLS:C1859486']	MONDO:0008865	Bietti crystalline corneoretinal dystrophy	['OMIM:210370', 'Orphanet:41751', 'SCTID:312927001', 'UMLS:C1859486']	['DOID:0050664', 'GARD:10050', 'MEDGEN:347895', 'MESH:C535440', 'NCIT:C179299', 'OMIM:210370', 'Orphanet:41751', 'SCTID:312927001', 'UMLS:C1859486']
<http://www.semanticweb.org/msh/ontologies/2023/1/IRD#Diffuse_degeneration_of_choroid>	IRD_3_1_Diffuse_degeneration_of_choroid	['SCTID:125344001+312918002']				
<http://www.semanticweb.org/msh/ontologies/2023/1/IRD#North_Carolina_macular_dystrophy>	IRD_3_2_1_North_Carolina_macular_dystrophy	['ICD11:9B75.Y', 'OMIM:136550', 'Orphanet:75327', 'SCTID:312925009', 'UMLS:C0730294']	MONDO:0007630	North Carolina macular dystrophy	['OMIM:136550', 'Orphanet:75327', 'SCTID:312925009', 'UMLS:C0730294']	['DOID:0070439', 'GARD:9179', 'ICD10CM:H35.5', 'MEDGEN:147590', 'MESH:C537835', 'OMIM:136550', 'Orphanet:75327', 'SCTID:312925009', 'UMLS:C0730294', 'icd11.foundation:1931008217']
<http://www.semanticweb.org/msh/ontologies/2023/1/IRD#Central_areolar_choroidal_dystrophy>	IRD_3_2_2_Central_areolar_choroidal_dystrophy	['ICD11:9B61', 'Orphanet:75377', 'SCTID:231996009', 'UMLS:C2880771']	MONDO:0008982	central areolar choroidal dystrophy	['Orphanet:75377', 'SCTID:231996009']	['GARD:10049', 'ICD9:363.54', 'MEDGEN:283932', 'MESH:C535358', 'NANDO:1200939', 'OMIMPS:215500', 'Orphanet:75377', 'SCTID:231996009', 'SCTID:312918002', 'UMLS:C1536451', 'icd11.foundation:2018537024']
<http://www.semanticweb.org/msh/ontologies/2023/1/IRD#Progressive_bifocal_chorioretinal_atrophy>	IRD_3_2_3_Progressive_bifocal_chorioretinal_atrophy	['ICD11:9B70', 'OMIM:600790', 'Orphanet:75373', 'SCTID:719266007', 'UMLS:C1833321']	MONDO:0010932	progressive bifocal chorioretinal atrophy	['OMIM:600790', 'Orphanet:75373', 'SCTID:719266007', 'UMLS:C1833321']	['GARD:10123', 'MEDGEN:371537', 'MESH:C535356', 'OMIM:600790', 'Orphanet:75373', 'SCTID:719266007', 'UMLS:C1833321', 'icd11.foundation:1936121929']
<http://www.semanticweb.org/msh/ontologies/2023/1/IRD#Regional_choroidal_dystrophies>	IRD_3_2_Regional_choroidal_dystrophies	['SCTID:410674003+312918002']				
<http://www.semanticweb.org/msh/ontologies/2023/1/IRD#Chorioretinal_Dystrophy>	IRD_3_Chorioretinal_Dystrophy	[nan]				
<http://www.semanticweb.org/msh/ontologies/2023/1/IRD#X-linked_retinoschisis>	IRD_4_1_X-linked_retinoschisis	['ICD11:9B73.11', 'OMIM:312700', 'Orphanet:792', 'SCTID:86923008', 'UMLS:C0271091']	MONDO:0010725	X-linked retinoschisis	['OMIM:312700', 'Orphanet:792', 'SCTID:86923008']	['DOID:0060763', 'GARD:4690', 'MEDGEN:811458', 'NANDO:1200938', 'NCIT:C75483', 'OMIM:312700', 'Orphanet:792', 'SCTID:86923008', 'UMLS:C3714753', 'icd11.foundation:2074506458']
<http://www.semanticweb.org/msh/ontologies/2023/1/IRD#Enhanced_S_cone_syndrome_(Goldmann-Favre_syndrome)>	IRD_4_2_Enhanced_S_cone_syndrome_(Goldmann-Favre_syndrome)	['ICD11:9B70', 'OMIM:268100', 'Orphanet:53540', 'SCTID:232065000', 'UMLS:C1849394']	MONDO:0100288	enhanced S-cone syndrome	['OMIM:268100', 'UMLS:C1849394']	['DOID:0090059', 'ICD10CM:H35.5', 'MEDGEN:341446', 'MESH:C564835', 'OMIM:268100', 'UMLS:C1849394']
<http://www.semanticweb.org/msh/ontologies/2023/1/IRD#Enhanced_S_cone_syndrome_(Goldmann-Favre_syndrome)>	IRD_4_2_Enhanced_S_cone_syndrome_(Goldmann-Favre_syndrome)	['ICD11:9B70', 'OMIM:268100', 'Orphanet:53540', 'SCTID:232065000', 'UMLS:C1849394']	MONDO:0100289	Goldmann-Favre syndrome	['Orphanet:53540', 'SCTID:232065000']	['GARD:10781', 'ICD10CM:H35.5', 'MEDGEN:87387', 'Orphanet:53540', 'SCTID:232065000', 'UMLS:C0339541', 'icd11.foundation:890235941']
<http://www.semanticweb.org/msh/ontologies/2023/1/IRD#Familial_exudative_vitreoretinopathy>	IRD_4_3_Familial_exudative_vitreoretinopathy	['ICD11:LA13.3', 'Orphanet:891', 'SCTID:232063007', 'UMLS:C0339539']	MONDO:0019516	exudative vitreoretinopathy	['Orphanet:891', 'SCTID:232063007', 'UMLS:C0339539']	['DOID:0050535', 'GARD:1613', 'ICD9:362.10', 'MEDGEN:573220', 'MESH:C580083', 'OMIMPS:133780', 'Orphanet:891', 'SCTID:232063007', 'UMLS:C0339539']
<http://www.semanticweb.org/msh/ontologies/2023/1/IRD#Retinal_dystrophy_with_inner_retinal_dysfunction_and_ganglion_cell_anomalies;_RDGCA>	IRD_4_4_Retinal_dystrophy_with_inner_retinal_dysfunction_and_ganglion_cell_anomalies;_RDGCA	['OMIM:616079', 'Orphanet:397758', 'SCTID:774152007', 'UMLS:C4751571']	MONDO:0014483	retinal dystrophy with inner retinal dysfunction and ganglion cell anomalies	['OMIM:616079', 'Orphanet:397758']	['GARD:17640', 'ICD10CM:H35.5', 'MEDGEN:863583', 'OMIM:616079', 'Orphanet:397758', 'UMLS:C4015146']
<http://www.semanticweb.org/msh/ontologies/2023/1/IRD#Inner_Retinal_and/or_Vitreoretinal_Dystrophies>	IRD_4_Inner_Retinal_and/or_Vitreoretinal_Dystrophies	[nan]				
<http://www.semanticweb.org/msh/ontologies/2023/1/IRD#Choroideremia,_deafness,_and_mental_retardation>	IRD_5_10_Choroideremia,_deafness,_and_mental_retardation	['OMIM:303110', 'SCTID:717761005', 'UMLS:C3551019']	MONDO:0010558	choroideremia-deafness-obesity syndrome	['OMIM:303110', 'SCTID:717761005', 'UMLS:C3551019']	['GARD:369', 'MEDGEN:763933', 'MESH:C537793', 'OMIM:303110', 'Orphanet:1435', 'SCTID:717761005', 'UMLS:C3551019']
<http://www.semanticweb.org/msh/ontologies/2023/1/IRD#Cleft_lip_retinopathy_syndrome>	IRD_5_11_Cleft_lip_retinopathy_syndrome	['Orphanet:1995', 'SCTID:732247000', 'UMLS:C2931789']	MONDO:0016051	cleft lip-retinopathy syndrome	['Orphanet:1995', 'UMLS:C2931789']	['GARD:435', 'MEDGEN:419494', 'MESH:C538272', 'Orphanet:1995', 'UMLS:C2931789']
<http://www.semanticweb.org/msh/ontologies/2023/1/IRD#Cohen_syndrome;_COH1>	IRD_5_12_Cohen_syndrome;_COH1	['ICD11:LD90.Y', 'OMIM:216550', 'Orphanet:193', 'SCTID:56604005', 'UMLS:C0265223']	MONDO:0008999	Cohen syndrome	['OMIM:216550', 'Orphanet:193', 'SCTID:56604005', 'UMLS:C0265223']	['DOID:0111590', 'GARD:6126', 'ICD9:759.89', 'MEDGEN:78539', 'MESH:C536438', 'MedDRA:10049066', 'NANDO:2200750', 'OMIM:216550', 'Orphanet:193', 'SCTID:56604005', 'UMLS:C0265223', 'icd11.foundation:1188737383']
<http://www.semanticweb.org/msh/ontologies/2023/1/IRD#Coloboma_of_macula_with_type_B_brachydactyly_(Sorsby_syndrome)>	IRD_5_13_Coloboma_of_macula_with_type_B_brachydactyly_(Sorsby_syndrome)	['ICD11:LD2F.1Y', 'OMIM:120400', 'Orphanet:1471', 'SCTID:717785002', 'UMLS:C1852752']	MONDO:0007353	coloboma of macula-brachydactyly type B syndrome	['OMIM:120400', 'Orphanet:1471', 'SCTID:717785002', 'UMLS:C1852752']	['GARD:1437', 'MEDGEN:343882', 'MESH:C535969', 'OMIM:120400', 'Orphanet:1471', 'SCTID:717785002', 'UMLS:C1852752']
<http://www.semanticweb.org/msh/ontologies/2023/1/IRD#Cone-_rod_dystrophy_and_hearing_loss;_CRDHL>	IRD_5_14_Cone-_rod_dystrophy_and_hearing_loss;_CRDHL	['SCTID:80328002+15188001', 'UMLS:C5193018']	MONDO:0020778	cone-rod dystrophy and hearing loss 1	['UMLS:C5193018']	['MEDGEN:1682048', 'OMIM:617236', 'UMLS:C5193018']
<http://www.semanticweb.org/msh/ontologies/2023/1/IRD#Deafness,_cataract,_retinitis_pigmentosa,_and_sperm_abnormalities>	IRD_5_15_Deafness,_cataract,_retinitis_pigmentosa,_and_sperm_abnormalities	['OMIM:300719', 'UMLS:C2678011']	MONDO:0010416	deafness, cataract, retinitis pigmentosa, and sperm abnormalities	['OMIM:300719', 'UMLS:C2678011']	['MEDGEN:395517', 'MESH:C567467', 'OMIM:300719', 'UMLS:C2678011']
<http://www.semanticweb.org/msh/ontologies/2023/1/IRD#EEM_syndrome_(Ectodermal_dysplasia,_ectrodactyly,_and_macular_dystrophy)>	IRD_5_16_EEM_syndrome_(Ectodermal_dysplasia,_ectrodactyly,_and_macular_dystrophy)	['ICD11:LD27.0Y', 'OMIM:225280', 'Orphanet:1897', 'SCTID:720856002', 'UMLS:C1857041']	MONDO:0009155	EEM syndrome	['OMIM:225280', 'Orphanet:1897', 'SCTID:720856002', 'UMLS:C1857041']	['DOID:0111649', 'GARD:2078', 'MEDGEN:341679', 'MESH:C536190', 'OMIM:225280', 'Orphanet:1897', 'SCTID:720856002', 'UMLS:C1857041']
<http://www.semanticweb.org/msh/ontologies/2023/1/IRD#Familial_primary_hypomagnesemia_with_hypercalciuria_and_nephrocalcinosis_with_severe_ocular_involvement>	IRD_5_17_Familial_primary_hypomagnesemia_with_hypercalciuria_and_nephrocalcinosis_with_severe_ocular_involvement	['ICD11:5C64.41', 'OMIM:248190', 'Orphanet:2196', 'SCTID:725033008', 'UMLS:C1855466']	MONDO:0009548	renal hypomagnesemia 5 with ocular involvement	['OMIM:248190', 'Orphanet:2196']	['DOID:0060881', 'GARD:3451', 'MEDGEN:1648449', 'MESH:C536148', 'OMIM:248190', 'Orphanet:2196', 'UMLS:C4721891']
<http://www.semanticweb.org/msh/ontologies/2023/1/IRD#Familial_primary_hypomagnesemia_with_hypercalciuria_and_nephrocalcinosis_with_severe_ocular_involvement>	IRD_5_17_Familial_primary_hypomagnesemia_with_hypercalciuria_and_nephrocalcinosis_with_severe_ocular_involvement	['ICD11:5C64.41', 'OMIM:248190', 'Orphanet:2196', 'SCTID:725033008', 'UMLS:C1855466']	MONDO:0009550	renal hypomagnesemia 3	['SCTID:725033008']	['DOID:0060880', 'GARD:2906', 'MEDGEN:120640', 'MESH:C537153', 'OMIM:248250', 'Orphanet:31043', 'SCTID:725033008', 'UMLS:C0268448']
<http://www.semanticweb.org/msh/ontologies/2023/1/IRD#Familial_progressive_retinal_dystrophy-iris_coloboma-congenital_cataract_syndrome>	IRD_5_18_Familial_progressive_retinal_dystrophy-iris_coloboma-congenital_cataract_syndrome	['OMIM:616722', 'Orphanet:488197', 'SCTID:1172636006', 'UMLS:C4225233']	MONDO:0014747	familial progressive retinal dystrophy-iris coloboma-congenital cataract syndrome	['OMIM:616722', 'Orphanet:488197']	['GARD:17888', 'MEDGEN:903733', 'OMIM:616722', 'Orphanet:488197', 'UMLS:C4225493']
<http://www.semanticweb.org/msh/ontologies/2023/1/IRD#Farber_disease>	IRD_5_19_Farber_disease	['ICD11:5C56.0Y', 'OMIM:228000', 'Orphanet:333', 'SCTID:79935000', 'UMLS:C0268255']	MONDO:0009218	Farber lipogranulomatosis	['OMIM:228000', 'Orphanet:333', 'SCTID:79935000', 'UMLS:C0268255']	['DOID:0050464', 'GARD:6426', 'ICD9:272.8', 'MEDGEN:78654', 'MESH:D055577', 'NANDO:1200086', 'NANDO:2200565', 'NCIT:C84710', 'OMIM:228000', 'Orphanet:333', 'SCTID:79935000', 'UMLS:C0268255']
<http://www.semanticweb.org/msh/ontologies/2023/1/IRD#AICA-ribosiduria>	IRD_5_1_AICA-ribosiduria	['ICD11:5C55.0Y', 'Orphanet:250977', 'UMLS:C1837530']	MONDO:0012099	AICA-ribosiduria	['Orphanet:250977', 'UMLS:C1837530']	['GARD:13781', 'MEDGEN:332474', 'MESH:C563876', 'OMIM:608688', 'Orphanet:250977', 'SCTID:725289009', 'UMLS:C1837530']
<http://www.semanticweb.org/msh/ontologies/2023/1/IRD#Galactosialidosis;_GSL>	IRD_5_20_Galactosialidosis;_GSL	['ICD11:5C56.21', 'OMIM:256540', 'Orphanet:351', 'SCTID:35691006', 'UMLS:C0268233']	MONDO:0009737	galactosialidosis	['OMIM:256540', 'Orphanet:351', 'SCTID:35691006', 'UMLS:C0268233']	['DOID:0080540', 'GARD:3953', 'ICD9:277.6', 'MEDGEN:82779', 'MESH:C536411', 'NANDO:1200119', 'NANDO:2200557', 'NCIT:C129928', 'OMIM:256540', 'Orphanet:351', 'SCTID:35691006', 'UMLS:C0268233', 'icd11.foundation:1838660035']
<http://www.semanticweb.org/msh/ontologies/2023/1/IRD#GM1_gangliosidosis,_type_I>	IRD_5_21_1_GM1_gangliosidosis,_type_I	['ICD11:5C56.00', 'OMIM:230500', 'Orphanet:79255', 'UMLS:C0268271']	MONDO:0009260	GM1 gangliosidosis type 1	['OMIM:230500', 'Orphanet:79255', 'UMLS:C0268271']	['DOID:0080502', 'GARD:6479', 'MEDGEN:75665', 'NANDO:1200067', 'NANDO:2201196', 'OMIM:230500', 'Orphanet:79255', 'SCTID:238026007', 'UMLS:C0268271', 'icd11.foundation:466200180']
<http://www.semanticweb.org/msh/ontologies/2023/1/IRD#GM1_gangliosidosis,_type_II>	IRD_5_21_2_GM1_gangliosidosis,_type_II	['ICD11:5C56.00', 'OMIM:230600', 'Orphanet:79256', 'SCTID:18756002', 'UMLS:C0268272']	MONDO:0009261	GM1 gangliosidosis type 2	['OMIM:230600', 'Orphanet:79256', 'SCTID:18756002', 'UMLS:C0268272']	['DOID:0080501', 'GARD:10126', 'MEDGEN:120625', 'NANDO:1200068', 'NANDO:2201197', 'OMIM:230600', 'Orphanet:79256', 'SCTID:18756002', 'UMLS:C0268272', 'icd11.foundation:1132250614']
<http://www.semanticweb.org/msh/ontologies/2023/1/IRD#GM1_gangliosidosis,_type_III>	IRD_5_21_3_GM1_gangliosidosis,_type_III	['ICD11:5C56.00', 'OMIM:230650', 'Orphanet:79257', 'SCTID:238027003', 'UMLS:C0268273']	MONDO:0009262	GM1 gangliosidosis type 3	['OMIM:230650', 'Orphanet:79257', 'SCTID:238027003', 'UMLS:C0268273']	['DOID:0080489', 'GARD:2431', 'MEDGEN:78655', 'NANDO:1200069', 'NANDO:2201198', 'OMIM:230650', 'Orphanet:79257', 'SCTID:238027003', 'UMLS:C0268273', 'icd11.foundation:1331496842']
<http://www.semanticweb.org/msh/ontologies/2023/1/IRD#GM1_gangliosidosis>	IRD_5_21_GM1_gangliosidosis	['ICD11:5C56.00', 'Orphanet:354', 'SCTID:238025006', 'UMLS:C0085131']	MONDO:0018149	GM1 gangliosidosis	['Orphanet:354', 'SCTID:238025006', 'UMLS:C0085131']	['DOID:3322', 'GARD:10891', 'ICD9:277.6', 'MEDGEN:43107', 'MESH:D016537', 'NANDO:1200066', 'NANDO:2200558', 'NCIT:C84739', 'Orphanet:354', 'SCTID:124465002', 'SCTID:238025006', 'UMLS:C0085131', 'icd11.foundation:401105928']
<http://www.semanticweb.org/msh/ontologies/2023/1/IRD#GM2_gangliosidosis>	IRD_5_22_GM2_gangliosidosis	['ICD11:5C56.00', 'Orphanet:309152', 'SCTID:33316007', 'UMLS:C0268274']	MONDO:0017720	GM2 gangliosidosis	['Orphanet:309152', 'SCTID:33316007', 'UMLS:C0268274']	['DOID:3321', 'GARD:21323', 'ICD10CM:E75.0', 'MEDGEN:78656', 'MESH:D020143', 'NANDO:1200070', 'NANDO:2200559', 'Orphanet:309152', 'SCTID:33316007', 'UMLS:C0268274', 'icd11.foundation:1513691830']
<http://www.semanticweb.org/msh/ontologies/2023/1/IRD#Hurler_syndrome>	IRD_5_23_Hurler_syndrome	['ICD11:5C56.30', 'OMIM:607014', 'Orphanet:93473', 'SCTID:65327002', 'UMLS:C0086795']	MONDO:0011758	Hurler syndrome	['OMIM:607014', 'Orphanet:93473', 'SCTID:65327002', 'UMLS:C0086795']	['DOID:0111390', 'GARD:12559', 'MEDGEN:39698', 'NANDO:1200094', 'NANDO:2201168', 'NCIT:C61261', 'OMIM:607014', 'Orphanet:93473', 'SCTID:65327002', 'UMLS:C0086795']
<http://www.semanticweb.org/msh/ontologies/2023/1/IRD#Hurler-Scheie_syndrome>	IRD_5_24_Hurler-Scheie_syndrome	['ICD11:5C56.30', 'OMIM:607015', 'Orphanet:93476', 'SCTID:26745009', 'UMLS:C0086431']	MONDO:0011759	Hurler-Scheie syndrome	['OMIM:607015', 'Orphanet:93476', 'SCTID:26745009', 'UMLS:C0086431']	['DOID:0111389', 'GARD:12560', 'MEDGEN:88566', 'MedDRA:10056916', 'NANDO:1200096', 'NANDO:2201170', 'NCIT:C122782', 'OMIM:607015', 'Orphanet:93476', 'SCTID:26745009', 'UMLS:C0086431']
<http://www.semanticweb.org/msh/ontologies/2023/1/IRD#Hypogonadotropic_hypogonadism-_retinitis_pigmentosa_syndrome>	IRD_5_25_Hypogonadotropic_hypogonadism-_retinitis_pigmentosa_syndrome	['Orphanet:2235', 'SCTID:733113002', 'UMLS:C2931722']	MONDO:0016386	hypogonadotropic hypogonadism-retinitis pigmentosa syndrome	['Orphanet:2235', 'UMLS:C2931722']	['GARD:1234', 'MEDGEN:419479', 'MESH:C538075', 'Orphanet:2235', 'UMLS:C2931722']
<http://www.semanticweb.org/msh/ontologies/2023/1/IRD#Hypoprebetalipoproteinemia,_acanthocytosis,_retinitis_pigmentosa,_and_pallidal_degeneration_(HARP_syndrome)>	IRD_5_26_Hypoprebetalipoproteinemia,_acanthocytosis,_retinitis_pigmentosa,_and_pallidal_degeneration_(HARP_syndrome)	['ICD11:5C64.10', 'OMIM:607236', 'Orphanet:157855', 'UMLS:C1846582']	MONDO:0011798	hypoprebetalipoproteinemia, acanthocytosis, retinitis pigmentosa, and pallidal degeneration	['OMIM:607236', 'Orphanet:157855', 'UMLS:C1846582']	['MEDGEN:337612', 'MESH:C564603', 'OMIM:607236', 'Orphanet:157855', 'UMLS:C1846582']
<http://www.semanticweb.org/msh/ontologies/2023/1/IRD#Hypotrichosis_with_juvenile_macular_degeneration;_HJMD>	IRD_5_27_Hypotrichosis_with_juvenile_macular_degeneration;_HJMD	['ICD11:LD27.0Y', 'OMIM:601553', 'Orphanet:1573', 'SCTID:723364003', 'UMLS:C4509838']	MONDO:0011107	congenital hypotrichosis with juvenile macular dystrophy	['OMIM:601553', 'Orphanet:1573']	['DOID:0110711', 'GARD:3066', 'MEDGEN:316921', 'MESH:C537698', 'OMIM:601553', 'Orphanet:1573', 'UMLS:C1832162']
<http://www.semanticweb.org/msh/ontologies/2023/1/IRD#Infantile_cerebellar_retinal_degeneration;_ICRD>	IRD_5_28_Infantile_cerebellar_retinal_degeneration;_ICRD	['OMIM:614559', 'Orphanet:313850', 'SCTID:782822006', 'UMLS:C3281192']	MONDO:0013802	infantile cerebellar-retinal degeneration	['OMIM:614559', 'Orphanet:313850', 'UMLS:C3281192']	['DOID:0050883', 'GARD:13264', 'MEDGEN:482822', 'OMIM:614559', 'Orphanet:313850', 'UMLS:C3281192']
<http://www.semanticweb.org/msh/ontologies/2023/1/IRD#ARIMA_syndrome>	IRD_5_29_1_ARIMA_syndrome	['ICD11:LD20.0Y', 'OMIM:243910', 'Orphanet:2318', 'SCTID:721862000', 'UMLS:C1855675']	MONDO:0009480	Joubert syndrome with oculorenal defect	['OMIM:243910', 'Orphanet:2318', 'SCTID:721862000', 'UMLS:C1855675']	['GARD:9455', 'MEDGEN:340930', 'MESH:C537430', 'NANDO:1200662', 'OMIM:243910', 'Orphanet:2318', 'SCTID:721862000', 'UMLS:C1855675', 'icd11.foundation:397835469']
<http://www.semanticweb.org/msh/ontologies/2023/1/IRD#Joubert_syndrome_with_ocular_defect>	IRD_5_29_2_Joubert_syndrome_with_ocular_defect	['ICD11:LD20.0Y', 'Orphanet:220493', 'SCTID:716998009', 'UMLS:C4274118']	MONDO:0016364	Joubert syndrome with ocular defect	['Orphanet:220493', 'SCTID:716998009', 'UMLS:C4274118']	['GARD:10168', 'ICD10CM:H35.5', 'MEDGEN:909607', 'Orphanet:220493', 'SCTID:716998009', 'UMLS:C4274118', 'icd11.foundation:1358617785']
<http://www.semanticweb.org/msh/ontologies/2023/1/IRD#Joubert_syndrome_with_oculorenal_defect>	IRD_5_29_3_Joubert_syndrome_with_oculorenal_defect	['ICD11:LD20.0Y', 'Orphanet:2318', 'SCTID:721862000', 'UMLS:C1855675']	MONDO:0009480	Joubert syndrome with oculorenal defect	['Orphanet:2318', 'SCTID:721862000', 'UMLS:C1855675']	['GARD:9455', 'MEDGEN:340930', 'MESH:C537430', 'NANDO:1200662', 'OMIM:243910', 'Orphanet:2318', 'SCTID:721862000', 'UMLS:C1855675', 'icd11.foundation:397835469']
<http://www.semanticweb.org/msh/ontologies/2023/1/IRD#Joubert_syndrome>	IRD_5_29_Joubert_syndrome	['ICD11:LD20.00', 'Orphanet:475', 'SCTID:716997004']	MONDO:0018772	Joubert syndrome	['Orphanet:475', 'SCTID:716997004']	['DOID:0050777', 'GARD:6802', 'MEDGEN:98464', 'NCIT:C74996', 'NORD:1312', 'OMIMPS:213300', 'Orphanet:475', 'SCTID:716997004', 'UMLS:C0431399', 'icd11.foundation:1414756318']
<http://www.semanticweb.org/msh/ontologies/2023/1/IRD#Alstrom_syndrome>	IRD_5_2_Alstrom_syndrome	['ICD11:LD2H.Y', 'OMIM:203800', 'Orphanet:64', 'SCTID:63702009', 'UMLS:C0268425']	MONDO:0008763	Alstrom syndrome	['OMIM:203800', 'Orphanet:64', 'SCTID:63702009', 'UMLS:C0268425']	['DOID:0050473', 'GARD:5787', 'ICD9:759.89', 'MEDGEN:78675', 'MESH:D056769', 'MedDRA:10068783', 'NCIT:C84549', 'OMIM:203800', 'Orphanet:64', 'SCTID:63702009', 'UMLS:C0268425']
<http://www.semanticweb.org/msh/ontologies/2023/1/IRD#Kearns-Sayre_syndrome>	IRD_5_30_Kearns-Sayre_syndrome	['ICD11:9C82.0', 'OMIM:530000', 'Orphanet:480', 'SCTID:25792000', 'UMLS:C0022541']	MONDO:0010787	Kearns-Sayre syndrome	['OMIM:530000', 'Orphanet:480', 'SCTID:25792000', 'UMLS:C0022541']	['DOID:12934', 'GARD:6817', 'MEDGEN:9618', 'MESH:D007625', 'MedDRA:10048804', 'NANDO:1201064', 'NANDO:2200529', 'NCIT:C84798', 'OMIM:530000', 'Orphanet:480', 'SCTID:25792000', 'UMLS:C0022541', 'icd11.foundation:399100745']
<http://www.semanticweb.org/msh/ontologies/2023/1/IRD#Krabbe_disease>	IRD_5_31_Krabbe_disease	['ICD11:8A44.4', 'OMIM:245200', 'Orphanet:487', 'SCTID:192782005', 'UMLS:C0023521']	MONDO:0009499	Krabbe disease	['OMIM:245200', 'Orphanet:487', 'SCTID:192782005', 'UMLS:C0023521']	['DOID:10587', 'GARD:6844', 'ICD10CM:E75.23', 'MEDGEN:44131', 'MESH:D007965', 'MedDRA:10023492', 'NANDO:1200074', 'NANDO:2200564', 'NCIT:C61254', 'OMIM:245200', 'Orphanet:487', 'SCTID:189979005', 'SCTID:192782005', 'UMLS:C0023521', 'icd11.foundation:796317173']
<http://www.semanticweb.org/msh/ontologies/2023/1/IRD#Leber_congenital_amaurosis_with_early-_onset_deafness;_LCAEOD>	IRD_5_32_Leber_congenital_amaurosis_with_early-_onset_deafness;_LCAEOD	['OMIM:617879', 'UMLS:C4693498']	MONDO:0060650	Leber congenital amaurosis with early-onset deafness	['OMIM:617879', 'UMLS:C4693498']	['DOID:0112240', 'MEDGEN:1646810', 'OMIM:617879', 'UMLS:C4693498']
<http://www.semanticweb.org/msh/ontologies/2023/1/IRD#Macular_coloboma-cleft_palate-hallux_valgus_syndrome>	IRD_5_33_Macular_coloboma-cleft_palate-hallux_valgus_syndrome	['Orphanet:91494', 'SCTID:722463001', 'UMLS:C4302525']	MONDO:0009001	macular coloboma-cleft palate-hallux valgus syndrome	['Orphanet:91494', 'SCTID:722463001']	['GARD:16802', 'MEDGEN:341812', 'MESH:C565686', 'OMIM:216800', 'Orphanet:91494', 'SCTID:722463001', 'UMLS:C1857619']
<http://www.semanticweb.org/msh/ontologies/2023/1/IRD#McKusick_Kaufman_syndrome;_MKKS>	IRD_5_34_McKusick_Kaufman_syndrome;_MKKS	['ICD11:9B70', 'OMIM:236700', 'Orphanet:2473', 'SCTID:702407009', 'UMLS:C0948368']	MONDO:0009367	McKusick-Kaufman syndrome	['OMIM:236700', 'Orphanet:2473', 'SCTID:702407009', 'UMLS:C0948368']	['DOID:0111255', 'GARD:3427', 'ICD9:758.89', 'MEDGEN:184924', 'MESH:C538159', 'MedDRA:10052312', 'OMIM:236700', 'Orphanet:2473', 'SCTID:702407009', 'UMLS:C0948368']
<http://www.semanticweb.org/msh/ontologies/2023/1/IRD#Microcephaly,_retinitis_pigmentosa,_and_sutural_cataract>	IRD_5_35_Microcephaly,_retinitis_pigmentosa,_and_sutural_cataract	['OMIM:601537', 'SCTID:1148757008+28835009+253226005', 'UMLS:C1832214']	MONDO:0011100	microcephaly, retinitis pigmentosa, and sutural cataract	['OMIM:601537', 'UMLS:C1832214']	['MEDGEN:316936', 'MESH:C563296', 'OMIM:601537', 'UMLS:C1832214']
<http://www.semanticweb.org/msh/ontologies/2023/1/IRD#Microcephaly-lymphedema-chorioretinopathy_syndrome>	IRD_5_36_Microcephaly-lymphedema-chorioretinopathy_syndrome	['ICD11:BD93.0', 'OMIM:152950', 'Orphanet:2526', 'SCTID:733604003', 'UMLS:C1835265']	MONDO:0007918	microcephaly with or without chorioretinopathy, lymphedema, or intellectual disability	['OMIM:152950', 'Orphanet:2526', 'UMLS:C1835265']	['DOID:0060349', 'GARD:3622', 'MEDGEN:320559', 'MESH:C537711', 'OMIM:152950', 'Orphanet:2526', 'UMLS:C1835265']
<http://www.semanticweb.org/msh/ontologies/2023/1/IRD#Microcornea-_myopic_chorioretinal_atrophy_telecanthus_syndrome;_MMCAT>	IRD_5_37_Microcornea-_myopic_chorioretinal_atrophy_telecanthus_syndrome;_MMCAT	['OMIM:615458', 'Orphanet:369970', 'SCTID:774212003', 'UMLS:C4751602']	MONDO:0014195	microcornea-myopic chorioretinal atrophy	['OMIM:615458', 'Orphanet:369970']	['GARD:17593', 'MEDGEN:815897', 'OMIM:615458', 'Orphanet:369970', 'UMLS:C3809567']
<http://www.semanticweb.org/msh/ontologies/2023/1/IRD#Microphthalmia,_isolated_5;_MCOP5>	IRD_5_38_Microphthalmia,_isolated_5;_MCOP5	['OMIM:611040', 'Orphanet:251279', 'SCTID:778021002', 'UMLS:C1970236']	MONDO:0012605	isolated microphthalmia 5	['OMIM:611040', 'Orphanet:251279', 'UMLS:C1970236']	['DOID:0060837', 'GARD:17205', 'MEDGEN:410021', 'MESH:C567024', 'OMIM:611040', 'Orphanet:251279', 'UMLS:C1970236']
<http://www.semanticweb.org/msh/ontologies/2023/1/IRD#Microphthalmia,_syndromic_5>	IRD_5_39_Microphthalmia,_syndromic_5	['OMIM:610125', 'Orphanet:178364', 'SCTID:718761007', 'UMLS:C1864690']	MONDO:0012413	syndromic microphthalmia type 5	['OMIM:610125', 'Orphanet:178364', 'SCTID:718761007', 'UMLS:C1864690']	['DOID:0111806', 'GARD:3692', 'MEDGEN:350491', 'MESH:C566441', 'OMIM:610125', 'Orphanet:178364', 'SCTID:718761007', 'UMLS:C1864690']
<http://www.semanticweb.org/msh/ontologies/2023/1/IRD#Amaurosis_–_hypertrichosis>	IRD_5_3_Amaurosis_–_hypertrichosis	['ICD11:9B70', 'Orphanet:1021', 'SCTID:720983002', 'UMLS:C1857588']	MONDO:0008766	amaurosis-hypertrichosis syndrome	['Orphanet:1021', 'SCTID:720983002', 'UMLS:C1857588']	['GARD:637', 'ICD10CM:H35.5', 'MEDGEN:341805', 'MESH:C536604', 'OMIM:204110', 'Orphanet:1021', 'SCTID:720983002', 'UMLS:C1857588']
<http://www.semanticweb.org/msh/ontologies/2023/1/IRD#MORM_syndrome_(mental_retardation,_truncal_obesity,_retinal_dystrophy_and_micropenis)>	IRD_5_40_MORM_syndrome_(mental_retardation,_truncal_obesity,_retinal_dystrophy_and_micropenis)	['ICD11:9B70', 'OMIM:610156', 'Orphanet:75858', 'SCTID:715628009', 'UMLS:C1857802']	MONDO:0012423	MORM syndrome	['OMIM:610156', 'Orphanet:75858', 'SCTID:715628009', 'UMLS:C1857802']	['GARD:10121', 'MEDGEN:341851', 'MESH:C536984', 'OMIM:610156', 'Orphanet:75858', 'SCTID:715628009', 'UMLS:C1857802', 'icd11.foundation:1027545274']
<http://www.semanticweb.org/msh/ontologies/2023/1/IRD#MRCS_syndrome_(microcornea,_rod-cone_dystrophy,_cataract,_and_posterior_staphyloma)>	IRD_5_41_MRCS_syndrome_(microcornea,_rod-cone_dystrophy,_cataract,_and_posterior_staphyloma)	['ICD11:9E1Y', 'Orphanet:263347', 'SCTID:771342004', 'UMLS:C2674009']	MONDO:0016979	MRCS syndrome	['Orphanet:263347']	['GARD:17255', 'MEDGEN:1666962', 'Orphanet:263347', 'UMLS:C4749856', 'icd11.foundation:392681472']
<http://www.semanticweb.org/msh/ontologies/2023/1/IRD#Mucolipidosis_type_IV;_ML4>	IRD_5_42_Mucolipidosis_type_IV;_ML4	['ICD11:5C56.0Y', 'OMIM:252650', 'Orphanet:578', 'SCTID:725296006', 'UMLS:C0238286']	MONDO:0009653	mucolipidosis type IV	['OMIM:252650', 'Orphanet:578', 'SCTID:725296006', 'UMLS:C0238286']	['DOID:0080490', 'GARD:94', 'GTR:AN1124590', 'GTR:AN1125032', 'GTR:AN1125033', 'GTR:AN1148743', 'MEDGEN:68663', 'NCIT:C84896', 'OMIM:252650', 'Orphanet:578', 'SCTID:111384001', 'SCTID:725296006', 'UMLS:C0238286']
<http://www.semanticweb.org/msh/ontologies/2023/1/IRD#Muscular_atrophy-_ataxia-_retinitis_pigmentosa-_diabetes_mellitus_syndrome>	IRD_5_43_Muscular_atrophy-_ataxia-_retinitis_pigmentosa-_diabetes_mellitus_syndrome	['OMIM:158500', 'Orphanet:2579', 'SCTID:88092000+763597000+28835009+73211009', 'UMLS:C0342281']	MONDO:0008023	muscular atrophy-ataxia-retinitis pigmentosa-diabetes mellitus syndrome	['OMIM:158500', 'Orphanet:2579', 'UMLS:C0342281']	['GARD:2417', 'ICD9:728.2', 'MEDGEN:137966', 'OMIM:158500', 'Orphanet:2579', 'SCTID:237611007', 'UMLS:C0342281']
<http://www.semanticweb.org/msh/ontologies/2023/1/IRD#Neuropathy,_ataxia,_and_retinitis_pigmentosa_(NARP_syndrome)>	IRD_5_44_Neuropathy,_ataxia,_and_retinitis_pigmentosa_(NARP_syndrome)	['ICD11:8C73.1', 'OMIM:551500', 'Orphanet:644', 'SCTID:386033004+763597000+28835009', 'UMLS:C1328349']	MONDO:0010794	NARP syndrome	['OMIM:551500', 'Orphanet:644', 'UMLS:C1328349']	['DOID:0111273', 'GARD:262', 'MEDGEN:231285', 'MESH:C537396', 'MedDRA:10062940', 'OMIM:551500', 'Orphanet:644', 'UMLS:C1328349', 'icd11.foundation:2089784682']
<http://www.semanticweb.org/msh/ontologies/2023/1/IRD#Niemann-_pick_disease_type_C>	IRD_5_45_Niemann-_pick_disease_type_C	['ICD11:5C56.0Y', 'Orphanet:646', 'SCTID:66751000', 'UMLS:C0220756']	MONDO:0018982	Niemann-Pick disease type C	['Orphanet:646', 'SCTID:66751000', 'UMLS:C0220756']	['GARD:7207', 'MEDGEN:67399', 'MESH:D052556', 'NANDO:1200063', 'NORD:1509', 'Orphanet:646', 'SCTID:66751000', 'UMLS:C0220756', 'icd11.foundation:812702125']
<http://www.semanticweb.org/msh/ontologies/2023/1/IRD#Oculotrichodysplasia>	IRD_5_46_Oculotrichodysplasia	['ICD11:LD27.0Y', 'OMIM:257960', 'Orphanet:2718', 'SCTID:722062004', 'UMLS:C1850332']	MONDO:0009771	oculotrichodysplasia	['OMIM:257960', 'Orphanet:2718', 'SCTID:722062004', 'UMLS:C1850332']	['GARD:16607', 'MEDGEN:340517', 'MESH:C564934', 'OMIM:257960', 'Orphanet:2718', 'SCTID:722062004', 'UMLS:C1850332', 'icd11.foundation:1202969811']
<http://www.semanticweb.org/msh/ontologies/2023/1/IRD#Osteochondrodysplatic_nanism-_deafness_retinitis_pigmentosa_syndrome>	IRD_5_47_Osteochondrodysplatic_nanism-_deafness_retinitis_pigmentosa_syndrome	['ICD11:LD2H.Y', 'Orphanet:2653', 'SCTID:722108000', 'UMLS:C4302825']	MONDO:0017041	osteochondrodysplatic nanism-deafness-retinitis pigmentosa syndrome	['Orphanet:2653', 'SCTID:722108000']	['GARD:18776', 'Orphanet:2653', 'SCTID:722108000']
<http://www.semanticweb.org/msh/ontologies/2023/1/IRD#Pallidal_degeneration,_progressive,_with_retinitis_pigmentosa>	IRD_5_48_Pallidal_degeneration,_progressive,_with_retinitis_pigmentosa	['OMIM:260200', 'UMLS:C1850101']	MONDO:0009829	obsolete pallidal degeneration, progressive, with retinitis pigmentosa	['OMIM:260200']	['MESH:C564910', 'OMIM:260200']
<http://www.semanticweb.org/msh/ontologies/2023/1/IRD#Pantothenate_kinase-_associated_neurodegeneration>	IRD_5_49_Pantothenate_kinase-_associated_neurodegeneration	['ICD11:5C64.10', 'OMIM:234200', 'Orphanet:157850', 'SCTID:Atypical_pantothenate_kinase_associated_neurodegeneration_(disorder)(_1186856001)\\n_Classical_pantothenate_kinase_associated_neurodegeneration_(disorder)(1186861004)', 'UMLS:C0018523']	MONDO:0009319	pantothenate kinase-associated neurodegeneration	['OMIM:234200', 'Orphanet:157850', 'UMLS:C0018523']	['DOID:3981', 'GARD:6564', 'ICD9:333.0', 'MEDGEN:6708', 'MESH:D006211', 'NANDO:1200534', 'NANDO:2200886', 'NCIT:C84988', 'OMIM:234200', 'Orphanet:157850', 'SCTID:2992000', 'UMLS:C0018523']
<http://www.semanticweb.org/msh/ontologies/2023/1/IRD#Autosomal_recessive_choroidopathy_microcephaly_syndrome>	IRD_5_4_Autosomal_recessive_choroidopathy_microcephaly_syndrome	['UMLS:C4749272']				
<http://www.semanticweb.org/msh/ontologies/2023/1/IRD#Rhizomelic_chondrodysplasia_punctata>	IRD_5_50_1_Rhizomelic_chondrodysplasia_punctata	['ICD11:LD24.04', 'Orphanet:177', 'SCTID:56692003', 'UMLS:C0282529']	MONDO:0015776	rhizomelic chondrodysplasia punctata	['Orphanet:177', 'SCTID:56692003', 'UMLS:C0282529']	['DOID:2580', 'GARD:13160', 'ICD10CM:E71.540', 'MEDGEN:79471', 'MESH:D018902', 'NCIT:C85047', 'OMIMPS:215100', 'Orphanet:177', 'SCTID:56692003', 'UMLS:C0282529', 'icd11.foundation:260357080']
<http://www.semanticweb.org/msh/ontologies/2023/1/IRD#Neonatal_adrenoleukodystrophy>	IRD_5_50_2_Neonatal_adrenoleukodystrophy	['ICD11:5A74.Y', 'Orphanet:44', 'SCTID:238061001', 'UMLS:C0282525']	MONDO:0018598	obsolete neonatal adrenoleukodystrophy	['Orphanet:44', 'SCTID:238061001']	['ICD10CM:E71.511', 'NANDO:1200761', 'NCIT:C99251', 'Orphanet:44', 'SCTID:238061001']
<http://www.semanticweb.org/msh/ontologies/2023/1/IRD#Zellweger>	IRD_5_50_3_Zellweger	['ICD11:5C57.0', 'Orphanet:912', 'SCTID:88469006', 'UMLS:C0043459']	MONDO:0019609	Zellweger spectrum disorders	['Orphanet:912', 'SCTID:88469006', 'UMLS:C0043459']	['DOID:905', 'GARD:7917', 'ICD10CM:E71.510', 'MEDGEN:21958', 'MESH:D015211', 'NANDO:1200760', 'NCIT:C85239', 'NORD:1876', 'Orphanet:912', 'SCTID:88469006', 'UMLS:C0043459']
<http://www.semanticweb.org/msh/ontologies/2023/1/IRD#Peroxisome_biogenesis_disorder>	IRD_5_50_Peroxisome_biogenesis_disorder	['ICD11:5C57.0', 'Orphanet:79189', 'SCTID:742876007', 'UMLS:C1832200']	MONDO:0019234	peroxisome biogenesis disorder	['Orphanet:79189', 'SCTID:742876007', 'UMLS:C1832200']	['DOID:0080377', 'GARD:11890', 'MEDGEN:330407', 'MESH:C531857', 'MESH:C536664', 'NANDO:1200759', 'NANDO:2200575', 'NCIT:C146639', 'NCIT:C155747', 'OMIMPS:214100', 'Orphanet:79189', 'SCTID:742876007', 'UMLS:C1832200', 'icd11.foundation:1919322367']
<http://www.semanticweb.org/msh/ontologies/2023/1/IRD#Polyneuropathy-_hearing_loss-_ataxia-_retinitis_pigmentosa-_cataract_syndrome;_PHARC>	IRD_5_51_Polyneuropathy-_hearing_loss-_ataxia-_retinitis_pigmentosa-_cataract_syndrome;_PHARC	['OMIM:612674', 'Orphanet:171848', 'SCTID:723452007', 'UMLS:C4509920']	MONDO:0012984	PHARC syndrome	['OMIM:612674', 'Orphanet:171848', 'SCTID:723452007']	['DOID:0080181', 'GARD:17071', 'MEDGEN:436373', 'MESH:C567203', 'OMIM:612674', 'Orphanet:171848', 'SCTID:723452007', 'UMLS:C2675204']
<http://www.semanticweb.org/msh/ontologies/2023/1/IRD#Posterior_column_ataxia_with_retinitis_pigmentosa;_PCARP>	IRD_5_52_Posterior_column_ataxia_with_retinitis_pigmentosa;_PCARP	['OMIM:609033', 'SCTID:724065003', 'UMLS:C1836916']	MONDO:0012177	posterior column ataxia-retinitis pigmentosa syndrome	['OMIM:609033', 'SCTID:724065003', 'UMLS:C1836916']	['GARD:9898', 'MEDGEN:324636', 'MESH:C536343', 'OMIM:609033', 'Orphanet:88628', 'SCTID:724065003', 'UMLS:C1836916']
<http://www.semanticweb.org/msh/ontologies/2023/1/IRD#Primary_ciliary_dyskinesia-_retinitis_pigmentosa_syndrome>	IRD_5_53_Primary_ciliary_dyskinesia-_retinitis_pigmentosa_syndrome	['Orphanet:247522', 'SCTID:719282008']	MONDO:0010330	obsolete primary ciliary dyskinesia-retinitis pigmentosa syndrome	['Orphanet:247522']	['DOID:0112124', 'MESH:C567595', 'OMIM:300455', 'Orphanet:247522']
<http://www.semanticweb.org/msh/ontologies/2023/1/IRD#Pseudoxanthoma_elasticum-_like_skin_manifestations_with_retinitis_pigmentosa>	IRD_5_54_Pseudoxanthoma_elasticum-_like_skin_manifestations_with_retinitis_pigmentosa	['Orphanet:436274']	MONDO:0018577	pseudoxanthoma elasticum-like skin manifestations with retinitis pigmentosa	['Orphanet:436274']	['GARD:21820', 'MEDGEN:1810682', 'Orphanet:436274', 'UMLS:C5680045']
<http://www.semanticweb.org/msh/ontologies/2023/1/IRD#Adult_Refsum_disease>	IRD_5_55_1_Adult_Refsum_disease	['Orphanet:773', 'UMLS:C0034960']	MONDO:0009958	adult Refsum disease	['Orphanet:773', 'UMLS:C0034960']	['DOID:10582', 'GARD:5691', 'ICD10CM:G60.1', 'ICD9:272.8', 'ICD9CM:356.3', 'MEDGEN:11161', 'MESH:C535517', 'MESH:D012035', 'MedDRA:10038275', 'NANDO:1200769', 'NANDO:2200577', 'OMIM:266500', 'OMIM:600964', 'Orphanet:773', 'SCTID:25362006', 'UMLS:C0034960']
<http://www.semanticweb.org/msh/ontologies/2023/1/IRD#Infantile_Refsum_disease>	IRD_5_55_2_Infantile_Refsum_disease	['ICD11:5C57.1', 'OMIM:601539', 'Orphanet:772', 'SCTID:238062008', 'UMLS:C0282527']	MONDO:0011101	peroxisome biogenesis disorder 1B	['OMIM:601539', 'UMLS:C0282527']	['DOID:0081240', 'MEDGEN:79470', 'NCIT:C155749', 'OMIM:601539', 'UMLS:C0282527']
<http://www.semanticweb.org/msh/ontologies/2023/1/IRD#Infantile_Refsum_disease>	IRD_5_55_2_Infantile_Refsum_disease	['ICD11:5C57.1', 'OMIM:601539', 'Orphanet:772', 'SCTID:238062008', 'UMLS:C0282527']	MONDO:0019174	obsolete infantile Refsum disease	['Orphanet:772', 'SCTID:238062008']	['DOID:0050444', 'MESH:D052919', 'NANDO:1200762', 'NCIT:C84789', 'Orphanet:772', 'SCTID:238062008']
<http://www.semanticweb.org/msh/ontologies/2023/1/IRD#Refsum_disease>	IRD_5_55_Refsum_disease	['ICD11:5C57.1', 'Orphanet:773', 'SCTID:25362006', 'UMLS:C0034960']	MONDO:0009958	adult Refsum disease	['Orphanet:773', 'SCTID:25362006', 'UMLS:C0034960']	['DOID:10582', 'GARD:5691', 'ICD10CM:G60.1', 'ICD9:272.8', 'ICD9CM:356.3', 'MEDGEN:11161', 'MESH:C535517', 'MESH:D012035', 'MedDRA:10038275', 'NANDO:1200769', 'NANDO:2200577', 'OMIM:266500', 'OMIM:600964', 'Orphanet:773', 'SCTID:25362006', 'UMLS:C0034960']
<http://www.semanticweb.org/msh/ontologies/2023/1/IRD#Retinal_degeneration-_nanophthalmos-_glaucoma_syndrome>	IRD_5_56_Retinal_degeneration-_nanophthalmos-_glaucoma_syndrome	['ICD11:9E1Y', 'OMIM:267760', 'Orphanet:1574', 'SCTID:723503006', 'UMLS:C2931831']	MONDO:0009978	retinal degeneration-nanophthalmos-glaucoma syndrome	['OMIM:267760', 'Orphanet:1574', 'SCTID:723503006', 'UMLS:C2931831']	['GARD:395', 'ICD10CM:H35.5', 'MEDGEN:444153', 'MESH:C538364', 'OMIM:267760', 'Orphanet:1574', 'SCTID:723503006', 'UMLS:C2931831']
<http://www.semanticweb.org/msh/ontologies/2023/1/IRD#Retinal_dystrophy,_iris_coloboma,_and_comedogenic_acne_syndrome;_RDCCAS>	IRD_5_57_Retinal_dystrophy,_iris_coloboma,_and_comedogenic_acne_syndrome;_RDCCAS	['OMIM:615147', 'SCTID:773576000', 'UMLS:C3554593']	MONDO:0014060	progressive retinal dystrophy due to retinol transport defect	['OMIM:615147', 'UMLS:C3554593']	['GARD:17529', 'ICD10CM:H35.5', 'MEDGEN:767507', 'OMIM:615147', 'Orphanet:352718', 'UMLS:C3554593']
<http://www.semanticweb.org/msh/ontologies/2023/1/IRD#Retinitis_pigmentosa_82_with_or_without_situs_inversus;_RP82>	IRD_5_58_Retinitis_pigmentosa_82_with_or_without_situs_inversus;_RP82	['OMIM:615434', 'UMLS:C4747737']	MONDO:0014186	retinitis pigmentosa with or without situs inversus	['OMIM:615434', 'UMLS:C4747737']	['DOID:0110419', 'GARD:15965', 'ICD10CM:H35.5', 'MEDGEN:1658130', 'OMIM:615434', 'UMLS:C4747737']
<http://www.semanticweb.org/msh/ontologies/2023/1/IRD#Retinitis_pigmentosa_and_erythrocytic_microcytosis;_RPEM>	IRD_5_59_Retinitis_pigmentosa_and_erythrocytic_microcytosis;_RPEM	['OMIM:616959', 'UMLS:C4310776']	MONDO:0014850	retinitis pigmentosa and erythrocytic microcytosis	['OMIM:616959', 'UMLS:C4310776']	['MEDGEN:934743', 'OMIM:616959', 'UMLS:C4310776']
<http://www.semanticweb.org/msh/ontologies/2023/1/IRD#Autosomal_recessive_leukoencephalopathy-_ischemic_stroke-_retinitis_pigmentosa_syndrome>	IRD_5_5_Autosomal_recessive_leukoencephalopathy-_ischemic_stroke-_retinitis_pigmentosa_syndrome	['Orphanet:314572', 'SCTID:771476007', 'UMLS:C4749919']	MONDO:0017804	autosomal recessive leukoencephalopathy-ischemic stroke-retinitis pigmentosa syndrome	['Orphanet:314572', 'UMLS:C4749919']	['GARD:21378', 'MEDGEN:1654941', 'Orphanet:314572', 'UMLS:C4749919']
<http://www.semanticweb.org/msh/ontologies/2023/1/IRD#Retinitis_pigmentosa_inversa_with_deafness>	IRD_5_60_Retinitis_pigmentosa_inversa_with_deafness	['OMIM:268010', 'UMLS:C1849405']	MONDO:0009982	retinitis pigmentosa inversa with deafness	['OMIM:268010', 'UMLS:C1849405']	['MEDGEN:341447', 'MESH:C564842', 'OMIM:268010', 'UMLS:C1849405']
<http://www.semanticweb.org/msh/ontologies/2023/1/IRD#Retinitis_pigmentosa-_hearing_loss-_premature_aging-_short_suture-_facial_dysmorphism_syndrome>	IRD_5_61_Retinitis_pigmentosa-_hearing_loss-_premature_aging-_short_suture-_facial_dysmorphism_syndrome	['OMIM:617763', 'Orphanet:494439']	MONDO:0044634	retinitis pigmentosa-hearing loss-premature aging-short stature-facial dysmorphism syndrome	['OMIM:617763', 'Orphanet:494439']	['DOID:0081175', 'GARD:17903', 'MEDGEN:1615526', 'OMIM:617763', 'Orphanet:494439', 'UMLS:C4540367']
<http://www.semanticweb.org/msh/ontologies/2023/1/IRD#Retinitis_pigmentosa-_intellectual_disability-_deafness-_hypogonadism_syndrome>	IRD_5_62_Retinitis_pigmentosa-_intellectual_disability-_deafness-_hypogonadism_syndrome	['OMIM:268020', 'Orphanet:3085', 'SCTID:724001005', 'UMLS:C1849401']	MONDO:0009983	retinitis pigmentosa-intellectual disability-deafness-hypogenitalism syndrome	['OMIM:268020', 'Orphanet:3085', 'UMLS:C1849401']	['GARD:4683', 'MEDGEN:340317', 'MESH:C564841', 'OMIM:268020', 'Orphanet:3085', 'UMLS:C1849401']
<http://www.semanticweb.org/msh/ontologies/2023/1/IRD#Retinitis_pigmentosa-_juvenile_cataract-_short_stature-_intellectual_disability_syndrome>	IRD_5_63_Retinitis_pigmentosa-_juvenile_cataract-_short_stature-_intellectual_disability_syndrome	['OMIM:616108', 'Orphanet:436245', 'UMLS:C4015242']	MONDO:0014495	retinitis pigmentosa-juvenile cataract-short stature-intellectual disability syndrome	['OMIM:616108', 'Orphanet:436245', 'UMLS:C4015242']	['GARD:17730', 'MEDGEN:863679', 'OMIM:616108', 'Orphanet:436245', 'UMLS:C4015242']
<http://www.semanticweb.org/msh/ontologies/2023/1/IRD#Retinitis_pigmentosa-deafness_syndrome>	IRD_5_64_Retinitis_pigmentosa-deafness_syndrome	['OMIM:500004', 'Orphanet:886', 'SCTID:57838006', 'UMLS:C0271097']	MONDO:0010775	retinitis pigmentosa-deafness syndrome	['OMIM:500004', 'SCTID:57838006']	['DOID:0110829', 'GARD:4684', 'ICD10CM:H35.5', 'MEDGEN:1830314', 'OMIM:500004', 'SCTID:57838006', 'UMLS:C5779620']
<http://www.semanticweb.org/msh/ontologies/2023/1/IRD#Retinitis_pigmentosa-deafness_syndrome>	IRD_5_64_Retinitis_pigmentosa-deafness_syndrome	['OMIM:500004', 'Orphanet:886', 'SCTID:57838006', 'UMLS:C0271097']	MONDO:0019501	Usher syndrome	['Orphanet:886', 'UMLS:C0271097']	['DOID:0050439', 'GARD:7843', 'ICD10CM:H35.5', 'MEDGEN:78754', 'MESH:D052245', 'MedDRA:10063396', 'NANDO:1200941', 'NCIT:C85217', 'NORD:1816', 'OMIMPS:276900', 'Orphanet:886', 'UMLS:C0271097', 'icd11.foundation:1452641873']
<http://www.semanticweb.org/msh/ontologies/2023/1/IRD#Rhizomelic_dysplasia,_scoliosis,_and_retinitis_pigmentosa>	IRD_5_65_Rhizomelic_dysplasia,_scoliosis,_and_retinitis_pigmentosa	['OMIM:610319', 'UMLS:C1853197']	MONDO:0012468	rhizomelic dysplasia, scoliosis, and retinitis pigmentosa	['OMIM:610319', 'UMLS:C1853197']	['MEDGEN:342815', 'MESH:C537610', 'OMIM:610319', 'UMLS:C1853197']
<http://www.semanticweb.org/msh/ontologies/2023/1/IRD#RHYNS_syndrome>	IRD_5_66_RHYNS_syndrome	['ICD11:LD2F.1Y', 'OMIM:602152', 'Orphanet:140976', 'SCTID:723999009', 'UMLS:C1865794']	MONDO:0011202	RHYNS syndrome	['OMIM:602152', 'Orphanet:140976', 'SCTID:723999009', 'UMLS:C1865794']	['GARD:9681', 'MEDGEN:356371', 'MESH:C537612', 'OMIM:602152', 'Orphanet:140976', 'SCTID:723999009', 'UMLS:C1865794']
<http://www.semanticweb.org/msh/ontologies/2023/1/IRD#Rosah_syndrome>	IRD_5_67_Rosah_syndrome	['Orphanet:313800']	MONDO:0013999	retinal dystrophy, optic nerve edema, splenomegaly, anhidrosis, and migraine headache syndrome	['Orphanet:313800']	['GARD:17411', 'MEDGEN:1662266', 'OMIM:614979', 'Orphanet:313800', 'UMLS:C4749914']
<http://www.semanticweb.org/msh/ontologies/2023/1/IRD#Scheie_syndrome>	IRD_5_68_Scheie_syndrome	['ICD11:5C56.30', 'OMIM:607016', 'Orphanet:93474', 'SCTID:73123008', 'UMLS:C0026708']	MONDO:0011760	Scheie syndrome	['OMIM:607016', 'Orphanet:93474', 'SCTID:73123008', 'UMLS:C0026708']	['DOID:0060222', 'GARD:12561', 'MEDGEN:6453', 'NANDO:1200095', 'NANDO:2201169', 'NCIT:C61265', 'OMIM:607016', 'Orphanet:93474', 'SCTID:73123008', 'UMLS:C0026708']
<http://www.semanticweb.org/msh/ontologies/2023/1/IRD#Senior-Loken_syndrome>	IRD_5_69_Senior-Loken_syndrome	['ICD11:9B70', 'Orphanet:3156', 'SCTID:236531005', 'UMLS:C0403553']	MONDO:0009962	Senior-Loken syndrome 1	['SCTID:236531005']	['ICD9:759.89', 'MEDGEN:1639722', 'OMIM:266900', 'SCTID:236531005', 'UMLS:C4551559']
<http://www.semanticweb.org/msh/ontologies/2023/1/IRD#Senior-Loken_syndrome>	IRD_5_69_Senior-Loken_syndrome	['ICD11:9B70', 'Orphanet:3156', 'SCTID:236531005', 'UMLS:C0403553']	MONDO:0017842	Senior-Loken syndrome	['Orphanet:3156', 'UMLS:C0403553']	['DOID:0050576', 'GARD:322', 'MEDGEN:96045', 'MESH:C537580', 'NANDO:1201049', 'NCIT:C168588', 'OMIMPS:266900', 'Orphanet:3156', 'UMLS:C0403553', 'icd11.foundation:1975732692']
<http://www.semanticweb.org/msh/ontologies/2023/1/IRD#Bardet-Biedl_syndrome>	IRD_5_6_Bardet-Biedl_syndrome	['ICD11:5A61.0', 'Orphanet:110', 'SCTID:5619004', 'UMLS:C0752166']	MONDO:0015229	Bardet-Biedl syndrome	['Orphanet:110', 'SCTID:5619004', 'UMLS:C0752166']	['DOID:1935', 'GARD:6866', 'ICD9:759.89', 'MEDGEN:156019', 'MESH:D020788', 'MedDRA:10056715', 'NANDO:2200414', 'NCIT:C118632', 'NORD:838', 'OMIMPS:209900', 'Orphanet:110', 'SCTID:5619004', 'UMLS:C0752166', 'icd11.foundation:255526264']
<http://www.semanticweb.org/msh/ontologies/2023/1/IRD#Bardet-Biedl_syndrome>	IRD_5_6_Bardet-Biedl_syndrome	['ICD11:5A61.0', 'Orphanet:110', 'SCTID:5619004', 'UMLS:C0752166']	MONDO:0009514	Laurence-Moon syndrome	['SCTID:5619004']	['DOID:1930', 'GARD:12635', 'ICD9:253.4', 'MEDGEN:44078', 'MESH:D007849', 'MedDRA:10056710', 'NCIT:C34760', 'OMIM:245800', 'Orphanet:2377', 'SCTID:232059000', 'SCTID:5619004', 'UMLS:C0023138', 'icd11.foundation:458834940']
<http://www.semanticweb.org/msh/ontologies/2023/1/IRD#Short-_rib_thoracic_dysplasia_with_or_without_polydactyly;_SRTD>	IRD_5_70_Short-_rib_thoracic_dysplasia_with_or_without_polydactyly;_SRTD	[nan]				
<http://www.semanticweb.org/msh/ontologies/2023/1/IRD#Sjögren-Larsson_syndrome;_SLS>	IRD_5_71_Sjögren-Larsson_syndrome;_SLS	['ICD11:5C52.03', 'OMIM:270200', 'Orphanet:816', 'SCTID:111303009', 'UMLS:C0037231']	MONDO:0010031	Sjogren-Larsson syndrome	['OMIM:270200', 'Orphanet:816', 'SCTID:111303009', 'UMLS:C0037231']	['DOID:14501', 'GARD:7654', 'MEDGEN:11443', 'MESH:D016111', 'MedDRA:10048676', 'NANDO:1200620', 'NANDO:2200994', 'NCIT:C85070', 'OMIM:270200', 'Orphanet:816', 'SCTID:111303009', 'UMLS:C0037231', 'icd11.foundation:418359090']
<http://www.semanticweb.org/msh/ontologies/2023/1/IRD#Skeletal_dysplasia,_rhizomelic,_with_retinitis_pigmentosa>	IRD_5_72_Skeletal_dysplasia,_rhizomelic,_with_retinitis_pigmentosa	['OMIM:609047', 'UMLS:C1836898']	MONDO:0012182	skeletal dysplasia, rhizomelic, with retinitis pigmentosa	['OMIM:609047', 'UMLS:C1836898']	['MEDGEN:332318', 'MESH:C563806', 'OMIM:609047', 'UMLS:C1836898']
<http://www.semanticweb.org/msh/ontologies/2023/1/IRD#Spastic_quadriplegia,_retinitis_pigmentosa,_and_mental_retardation>	IRD_5_73_Spastic_quadriplegia,_retinitis_pigmentosa,_and_mental_retardation	['OMIM:270950', 'Orphanet:3011', 'SCTID:723621000', 'UMLS:C1849112']	MONDO:0010051	spastic tetraplegia-retinitis pigmentosa-intellectual disability syndrome	['OMIM:270950', 'Orphanet:3011', 'UMLS:C1849112']	['GARD:4932', 'MEDGEN:376519', 'MESH:C564808', 'OMIM:270950', 'Orphanet:3011', 'UMLS:C1849112']
<http://www.semanticweb.org/msh/ontologies/2023/1/IRD#Spastic_tetraplegia-_retinitis_pigmentosa-_intellectual_disability_syndrome>	IRD_5_74_Spastic_tetraplegia-_retinitis_pigmentosa-_intellectual_disability_syndrome	['Orphanet:3011', 'SCTID:723621000', 'UMLS:C4509974']	MONDO:0010051	spastic tetraplegia-retinitis pigmentosa-intellectual disability syndrome	['Orphanet:3011']	['GARD:4932', 'MEDGEN:376519', 'MESH:C564808', 'OMIM:270950', 'Orphanet:3011', 'UMLS:C1849112']
<http://www.semanticweb.org/msh/ontologies/2023/1/IRD#Usher_syndrome-_Type_1>	IRD_5_75_1_Usher_syndrome-_Type_1	['ICD11:LD2H.4', 'Orphanet:231169', 'SCTID:232057003', 'UMLS:C0339533']	MONDO:0010168	Usher syndrome type 1	['Orphanet:231169', 'SCTID:232057003']	['DOID:0110826', 'GARD:5435', 'ICD10CM:H35.5', 'MEDGEN:292820', 'NANDO:1200942', 'NCIT:C126327', 'Orphanet:231169', 'SCTID:232057003', 'UMLS:C1568247', 'icd11.foundation:237039059']
<http://www.semanticweb.org/msh/ontologies/2023/1/IRD#Usher_syndrome-_Type_2>	IRD_5_75_2_Usher_syndrome-_Type_2	['Orphanet:231178', 'SCTID:232058008', 'UMLS:C0339534']	MONDO:0016484	Usher syndrome type 2	['Orphanet:231178', 'SCTID:232058008', 'UMLS:C0339534']	['DOID:0110827', 'GARD:5440', 'ICD10CM:H35.5', 'MEDGEN:83288', 'NANDO:1200943', 'NCIT:C126328', 'Orphanet:231178', 'SCTID:232058008', 'UMLS:C0339534', 'icd11.foundation:33632175']
<http://www.semanticweb.org/msh/ontologies/2023/1/IRD#Usher_syndrome-_Type_3>	IRD_5_75_3_Usher_syndrome-_Type_3	['Orphanet:231183', 'SCTID:1010610007', 'UMLS:C1568248']	MONDO:0016485	Usher syndrome type 3	['Orphanet:231183', 'UMLS:C1568248']	['DOID:0110828', 'GARD:5442', 'ICD10CM:H35.5', 'MEDGEN:339336', 'NANDO:1200944', 'NCIT:C126329', 'Orphanet:231183', 'UMLS:C1568248', 'icd11.foundation:1734357568']
<http://www.semanticweb.org/msh/ontologies/2023/1/IRD#Usher_syndrome>	IRD_5_75_Usher_syndrome	['ICD11:LD2H.4', 'Orphanet:886', 'SCTID:57838006', 'UMLS:C0271097']	MONDO:0010775	retinitis pigmentosa-deafness syndrome	['SCTID:57838006']	['DOID:0110829', 'GARD:4684', 'ICD10CM:H35.5', 'MEDGEN:1830314', 'OMIM:500004', 'SCTID:57838006', 'UMLS:C5779620']
<http://www.semanticweb.org/msh/ontologies/2023/1/IRD#Usher_syndrome>	IRD_5_75_Usher_syndrome	['ICD11:LD2H.4', 'Orphanet:886', 'SCTID:57838006', 'UMLS:C0271097']	MONDO:0019501	Usher syndrome	['Orphanet:886', 'UMLS:C0271097']	['DOID:0050439', 'GARD:7843', 'ICD10CM:H35.5', 'MEDGEN:78754', 'MESH:D052245', 'MedDRA:10063396', 'NANDO:1200941', 'NCIT:C85217', 'NORD:1816', 'OMIMPS:276900', 'Orphanet:886', 'UMLS:C0271097', 'icd11.foundation:1452641873']
<http://www.semanticweb.org/msh/ontologies/2023/1/IRD#X-_linked_intellectual_disability_-_retinitis_pigmentosa_syndrome>	IRD_5_76_X-_linked_intellectual_disability_-_retinitis_pigmentosa_syndrome	['OMIM:300578', 'Orphanet:85332', 'SCTID:719808002', 'UMLS:C0795873']	MONDO:0010364	X-linked intellectual disability-retinitis pigmentosa syndrome	['OMIM:300578', 'Orphanet:85332', 'SCTID:719808002']	['GARD:8360', 'ICD10CM:H35.5', 'MEDGEN:336862', 'OMIM:300578', 'Orphanet:85332', 'SCTID:719808002', 'UMLS:C1845136']
<http://www.semanticweb.org/msh/ontologies/2023/1/IRD#X-_linked_intellectual_disability_limb_spasticity_retinal_dystrophy-_diabetes_insipidus_syndrome>	IRD_5_77_X-_linked_intellectual_disability_limb_spasticity_retinal_dystrophy-_diabetes_insipidus_syndrome	['Orphanet:423479', 'SCTID:732246009', 'UMLS:C4517296']	MONDO:0018495	X-linked intellectual disability-limb spasticity-retinal dystrophy-diabetes insipidus syndrome	['Orphanet:423479', 'UMLS:C4517296']	['GARD:21752', 'MEDGEN:1374000', 'Orphanet:423479', 'UMLS:C4517296']
<http://www.semanticweb.org/msh/ontologies/2023/1/IRD#X-_linked_retinal_dysplasia>	IRD_5_78_X-_linked_retinal_dysplasia	['OMIM:312550', 'Orphanet:1852', 'SCTID:715240000', 'UMLS:C4275241']	MONDO:0010722	X-linked retinal dysplasia	['OMIM:312550', 'Orphanet:1852', 'SCTID:715240000', 'UMLS:C4275241']	['GARD:4680', 'MEDGEN:909011', 'OMIM:312550', 'Orphanet:1852', 'SCTID:715240000', 'UMLS:C4275241']
<http://www.semanticweb.org/msh/ontologies/2023/1/IRD#Bassen-Kornzweig_syndrome>	IRD_5_7_Bassen-Kornzweig_syndrome	['ICD11:5C81.1', 'OMIM:200100', 'Orphanet:14', 'SCTID:190787008', 'UMLS:C0000744']	MONDO:0008692	abetalipoproteinemia	['OMIM:200100', 'Orphanet:14', 'SCTID:190787008', 'UMLS:C0000744']	['DOID:1386', 'GARD:5', 'MEDGEN:1253', 'MESH:D000012', 'NANDO:1200857', 'NANDO:2200604', 'NCIT:C84525', 'OMIM:200100', 'Orphanet:14', 'SCTID:190787008', 'UMLS:C0000744']
<http://www.semanticweb.org/msh/ontologies/2023/1/IRD#Brachydactyly-short_stature-retinitis_pigmentosa_syndrome;_RPSKA>	IRD_5_8_Brachydactyly-short_stature-retinitis_pigmentosa_syndrome;_RPSKA	['OMIM:#250410', 'Orphanet:166035', 'SCTID:782914000', 'UMLS:C5190709']	MONDO:0009598	metaphyseal chondrodysplasia-retinitis pigmentosa syndrome	['Orphanet:166035']	['GARD:17017', 'MEDGEN:381579', 'MESH:C565398', 'OMIM:250410', 'Orphanet:166035', 'UMLS:C1855188']
<http://www.semanticweb.org/msh/ontologies/2023/1/IRD#Ceroid_lipofuscinosis,_neuronal>	IRD_5_9_Ceroid_lipofuscinosis,_neuronal	['ICD11:5C56.1', 'Orphanet:216', 'SCTID:58258004', 'UMLS:C0027877']	MONDO:0019261	infantile neuronal ceroid lipofuscinosis	['SCTID:58258004']	['GARD:9447', 'MEDGEN:75666', 'NANDO:1200152', 'NANDO:2201241', 'NORD:1689', 'Orphanet:79263', 'SCTID:58258004', 'UMLS:C0268281', 'icd11.foundation:797123687']
<http://www.semanticweb.org/msh/ontologies/2023/1/IRD#Ceroid_lipofuscinosis,_neuronal>	IRD_5_9_Ceroid_lipofuscinosis,_neuronal	['ICD11:5C56.1', 'Orphanet:216', 'SCTID:58258004', 'UMLS:C0027877']	MONDO:0016295	neuronal ceroid lipofuscinosis	['Orphanet:216', 'UMLS:C0027877']	['DOID:14503', 'GARD:10739', 'ICD10CM:E75.4', 'MEDGEN:10326', 'NANDO:1200150', 'NANDO:2200573', 'NCIT:C61257', 'OMIMPS:256730', 'Orphanet:216', 'SCTID:42012007', 'UMLS:C0027877', 'icd11.foundation:1568332253']
<http://www.semanticweb.org/msh/ontologies/2023/1/IRD#Retinal_dystrophies_associated_with_systemic_disease_(syndromic_diseases)>	IRD_5_Retinal_dystrophies_associated_with_systemic_disease_(syndromic_diseases)	[nan]				
<http://www.semanticweb.org/msh/ontologies/2023/1/IRD#Congenital_stationary_night_blindness_with_normal_fundus,_known_complete_type>	IRD_6_1_1_Congenital_stationary_night_blindness_with_normal_fundus,_known_complete_type	['SCTID:232061009+17621005+65784005']				
<http://www.semanticweb.org/msh/ontologies/2023/1/IRD#Aland_Island_eye_disease;_AIED>	IRD_6_1_2_1_Aland_Island_eye_disease;_AIED	['ICD11:9B7Y', 'OMIM:300600', 'Orphanet:178333', 'SCTID:725168006', 'UMLS:C4510939']	MONDO:0010371	Aland island eye disease	['OMIM:300600', 'Orphanet:178333']	['DOID:0050630', 'GARD:10574', 'ICD10CM:H35.5', 'MEDGEN:120643', 'MESH:C562664', 'OMIM:300600', 'Orphanet:178333', 'SCTID:266455006', 'UMLS:C0268505']
<http://www.semanticweb.org/msh/ontologies/2023/1/IRD#Congenital_stationary_night_blindness_with_normal_fundus,_known_incomplete_type>	IRD_6_1_2_Congenital_stationary_night_blindness_with_normal_fundus,_known_incomplete_type	[nan]				
<http://www.semanticweb.org/msh/ontologies/2023/1/IRD#Congenital_stationary_night_blindness_with_normal_fundus>	IRD_6_1_Congenital_stationary_night_blindness_with_normal_fundus	['SCTID:232061009', 'UMLS:C4073105']	MONDO:0016293	congenital stationary night blindness	['SCTID:232061009']	['DOID:0050534', 'DOID:8498', 'ICD9:368.61', 'MEDGEN:83289', 'MESH:C536122', 'MESH:C537743', 'OMIMPS:310500', 'Orphanet:215', 'SCTID:193687000', 'SCTID:232061009', 'UMLS:C0339535', 'icd11.foundation:122338861', 'icd11.foundation:587494652']
<http://www.semanticweb.org/msh/ontologies/2023/1/IRD#Fundus_albipunctatus>	IRD_6_2_1_Fundus_albipunctatus	['ICD11:9B70', 'OMIM:136880', 'Orphanet:227796', 'SCTID:764939004', 'UMLS:C0311338']	MONDO:0007639	fundus albipunctatus	['OMIM:136880', 'Orphanet:227796', 'UMLS:C0311338']	['DOID:11105', 'GARD:13809', 'ICD10CM:H35.5', 'ICD9:362.74', 'ICD9:362.76', 'MEDGEN:86317', 'MESH:C562733', 'OMIM:136880', 'Orphanet:227796', 'SCTID:68222009', 'UMLS:C0311338', 'icd11.foundation:1981512475']
<http://www.semanticweb.org/msh/ontologies/2023/1/IRD#Oguchi_disease>	IRD_6_2_2_Oguchi_disease	['ICD11:9B70', 'Orphanet:75382', 'SCTID:193687000', 'UMLS:C1306122']	MONDO:0016293	congenital stationary night blindness	['SCTID:193687000']	['DOID:0050534', 'DOID:8498', 'ICD9:368.61', 'MEDGEN:83289', 'MESH:C536122', 'MESH:C537743', 'OMIMPS:310500', 'Orphanet:215', 'SCTID:193687000', 'SCTID:232061009', 'UMLS:C0339535', 'icd11.foundation:122338861', 'icd11.foundation:587494652']
<http://www.semanticweb.org/msh/ontologies/2023/1/IRD#Oguchi_disease>	IRD_6_2_2_Oguchi_disease	['ICD11:9B70', 'Orphanet:75382', 'SCTID:193687000', 'UMLS:C1306122']	MONDO:0019152	Oguchi disease	['Orphanet:75382', 'UMLS:C1306122']	['GARD:10118', 'MEDGEN:224927', 'MESH:C537743', 'Orphanet:75382', 'UMLS:C1306122', 'icd11.foundation:1759055065']
<http://www.semanticweb.org/msh/ontologies/2023/1/IRD#X-linked_cone_dysfunction_syndrome_with_myopia_(Bornholm_Eye_Disease)>	IRD_6_2_3_X-linked_cone_dysfunction_syndrome_with_myopia_(Bornholm_Eye_Disease)	['ICD11:9B70', 'OMIM:300843', 'Orphanet:90001', 'SCTID:718718009', 'UMLS:C3159311']	MONDO:0010446	X-linked cone dysfunction syndrome with myopia	['OMIM:300843', 'Orphanet:90001', 'SCTID:718718009', 'UMLS:C3159311']	['GARD:16782', 'MEDGEN:463611', 'MESH:C564092', 'OMIM:300843', 'Orphanet:90001', 'SCTID:718718009', 'UMLS:C3159311', 'icd11.foundation:290885874']
<http://www.semanticweb.org/msh/ontologies/2023/1/IRD#Congenital_stationary_night_blindness_with_abnormal_fundus_(disorders_in_metabolism_of_photoreceptors)>	IRD_6_2_Congenital_stationary_night_blindness_with_abnormal_fundus_(disorders_in_metabolism_of_photoreceptors)	['SCTID:232061009+263654008+65784005', 'UMLS:C4073106']				
<http://www.semanticweb.org/msh/ontologies/2023/1/IRD#Achromatopsia_(Rod_Monochromacy)>	IRD_6_3_1_Achromatopsia_(Rod_Monochromacy)	['ICD11:9B70', 'Orphanet:49382', 'SCTID:56852002', 'UMLS:C0152200']	MONDO:0018852	achromatopsia	['Orphanet:49382', 'UMLS:C0152200']	['DOID:13911', 'GARD:15015', 'ICD10CM:H53.51', 'ICD9:368.54', 'MEDGEN:57751', 'MedDRA:10000454', 'NCIT:C84528', 'Orphanet:49382', 'SCTID:102450007', 'UMLS:C0152200']
<http://www.semanticweb.org/msh/ontologies/2023/1/IRD#Blue_cone_monochromatism;_BCM>	IRD_6_3_2_Blue_cone_monochromatism;_BCM	['ICD11:9B70', 'OMIM:303700', 'Orphanet:16', 'SCTID:789676005', 'UMLS:C0339537']	MONDO:0010563	blue cone monochromacy	['OMIM:303700', 'Orphanet:16', 'UMLS:C0339537']	['DOID:0050679', 'GARD:917', 'MEDGEN:87386', 'MESH:C536238', 'OMIM:303700', 'Orphanet:16', 'SCTID:24704003', 'UMLS:C0339537']
<http://www.semanticweb.org/msh/ontologies/2023/1/IRD#Bornholm_Eye_Disease_(X-Linked_Cone_Dysfunction_Syndrome_With_Dichromacy)>	IRD_6_3_3_Bornholm_Eye_Disease_(X-Linked_Cone_Dysfunction_Syndrome_With_Dichromacy)	['ICD11:9B70', 'OMIM:300843', 'Orphanet:90001', 'SCTID:718718009', 'UMLS:C3159311']	MONDO:0010446	X-linked cone dysfunction syndrome with myopia	['OMIM:300843', 'Orphanet:90001', 'SCTID:718718009', 'UMLS:C3159311']	['GARD:16782', 'MEDGEN:463611', 'MESH:C564092', 'OMIM:300843', 'Orphanet:90001', 'SCTID:718718009', 'UMLS:C3159311', 'icd11.foundation:290885874']
<http://www.semanticweb.org/msh/ontologies/2023/1/IRD#Oligocone_Trichromacy>	IRD_6_3_4_Oligocone_Trichromacy	['ICD11:9B70', 'Orphanet:75378', 'SCTID:722066001', 'UMLS:C4302876']	MONDO:0019151	oligocone trichromacy	['Orphanet:75378', 'SCTID:722066001', 'UMLS:C4302876']	['GARD:18925', 'MEDGEN:928545', 'Orphanet:75378', 'SCTID:722066001', 'UMLS:C4302876', 'icd11.foundation:645985320']
<http://www.semanticweb.org/msh/ontologies/2023/1/IRD#Disorders_of_the_cone_system>	IRD_6_3_Disorders_of_the_cone_system	[nan]				
<http://www.semanticweb.org/msh/ontologies/2023/1/IRD>	IRD_6_Congenital & Stationary Retinal Diseases	['SCTID:232061009', 'UMLS:C4073105']	MONDO:0016293	congenital stationary night blindness	['SCTID:232061009']	['DOID:0050534', 'DOID:8498', 'ICD9:368.61', 'MEDGEN:83289', 'MESH:C536122', 'MESH:C537743', 'OMIMPS:310500', 'Orphanet:215', 'SCTID:193687000', 'SCTID:232061009', 'UMLS:C0339535', 'icd11.foundation:122338861', 'icd11.foundation:587494652']
