curie,label
OMIM:300682,MIR424
OMIM:600192,SS18
OMIM:126420,TOP1
OMIM:212540,"cataract, microcephaly, failure to thrive, kyphoscoliosis syndrome"
OMIM:618807,lipoprotein(a) quantitative trait locus
OMIM:158900,facioscapulohumeral muscular dystrophy 1
OMIM:615999,"hyperthyroxinemia, familial dysalbuminemic"
OMIM:159552,MCL1
OMIM:601512,STAT6
OMIM:147553,IFNW1
OMIM:159555,KMT2A
OMIM:606191,FNBP1
OMIM:604113,IL18BP
OMIM:613844,UQCRH
OMIM:612769,NEAT1
OMIM:300084,NONO
OMIM:616863,hao-fountain syndrome
OMIM:601409,KAT5
OMIM:167050,OXT
OMIM:105590,ALK
OMIM:607407,EBF3
OMIM:147180,IGHE
OMIM:601658,OC90
OMIM:606681,NSD1
OMIM:604443,ACSL6
OMIM:605253,"neuropathy, congenital hypomyelinating, 1, autosomal recessive"
OMIM:600516,BAK1
OMIM:114290,campomelic dysplasia
OMIM:120130,COL4A1
OMIM:300456,CCNB3
OMIM:113900,"progressive familial heart block, type 1a"
OMIM:602544,PRKN
OMIM:607628,"epilepsy, idiopathic generalized, susceptibility to, 11"
OMIM:604505,TRIP11
OMIM:243000,"indifference to pain, congenital, autosomal recessive"
OMIM:601231,MTOR
OMIM:601071,"deafness, autosomal recessive 9"
OMIM:229300,friedreich ataxia
OMIM:253600,"muscular dystrophy, limb-girdle, autosomal recessive 1"
OMIM:601235,DDX10
OMIM:610004,COL25A1
OMIM:601483,PEG3
OMIM:613460,fasting plasma glucose level quantitative trait locus 6
OMIM:313900,thrombocytopenia 1
OMIM:270450,"insulin-like growth factor i, resistance to"
OMIM:590010,MTTN
OMIM:273750,three m syndrome 1
OMIM:611818,long qt syndrome 9
OMIM:300747,STS
OMIM:254450,myelofibrosis
OMIM:278150,hypotrichosis 8
OMIM:138030,GCG
OMIM:614371,"dengue virus, susceptibility to"
OMIM:114840,CEL
OMIM:165330,WNT3
OMIM:182279,SNRPN
OMIM:211980,lung cancer
OMIM:601639,PRKACA
OMIM:610568,ZNF687
OMIM:603776,"hypercholesterolemia, familial, 3"
OMIM:190040,PDGFB
OMIM:611942,"epilepsy, childhood absence, susceptibility to, 6"
OMIM:186570,tarsal-carpal coalition syndrome
OMIM:610623,"cataract 11, multiple types"
OMIM:182230,septooptic dysplasia
OMIM:118910,CHGA
OMIM:123812,CREM
OMIM:126900,dupuytren contracture
OMIM:610994,TMEM189
OMIM:601021,NUP98
OMIM:217095,conotruncal heart malformations
OMIM:300451,EDA
OMIM:611878,"cardiomyopathy, dilated, 1y"
OMIM:164177,POU5F1
OMIM:300510,ovarian dysgenesis 2
OMIM:142702,HTN3
OMIM:601464,AFF3
OMIM:613554,"von willebrand disease, type 2"
OMIM:182450,SST
OMIM:208900,ataxia-telangiectasia
OMIM:122720,CYP2A6
OMIM:313650,TAF1
OMIM:616754,bombay phenotype
OMIM:603930,GPHN
OMIM:158105,CCL2
OMIM:613679,"prothrombin deficiency, congenital"
OMIM:603933,"microvascular complications of diabetes, susceptibility to, 1"
OMIM:275100,"hypothyroidism, congenital, nongoitrous, 4"
OMIM:176982,PRKCZ
OMIM:602260,PER1
OMIM:125860,NQO1
OMIM:608541,"rho gtpase involved 1n beta-catenin, n-cadherin, and nmda receptor signaling"
OMIM:619812,"blood group, emm system"
OMIM:182290,smith-magenis syndrome
OMIM:604927,CTDP1
OMIM:226600,"epidermolysis bullosa dystrophica, autosomal recessive"
OMIM:153619,LGALS3
OMIM:607989,SPOCK3
OMIM:166710,osteoporosis
OMIM:222600,diastrophic dysplasia
OMIM:126550,calvarial doughnut lesions with bone fragility
OMIM:145000,hyperparathyroidism 1
OMIM:605199,SFPQ
OMIM:601911,DLX4
OMIM:244400,"ciliary dyskinesia, primary, 1"
OMIM:600560,SHC1
OMIM:604001,AKAP9
OMIM:604232,leber congenital amaurosis 3
OMIM:612076,"hypouricemia, renal, 2"
OMIM:614395,"graft-versus-host disease, susceptibility to"
OMIM:300401,PLP1
OMIM:601696,novelty seeking personality trait
OMIM:139300,aromatase excess syndrome
OMIM:607127,ERC1
OMIM:604643,NPFF
OMIM:153550,chromosome 5q deletion syndrome
OMIM:107680,APOA1
OMIM:176870,AMBP
OMIM:604878,SLC12A6
OMIM:605639,SIGLEC8
OMIM:601546,PROX1
OMIM:613194,retinitis pigmentosa 50
OMIM:608118,"zinc deficiency, transient neonatal"
OMIM:615353,CCDC28A
OMIM:609451,ZFP90
OMIM:617749,actn3 deficiency
OMIM:607997,NPW
OMIM:601272,SNX1
OMIM:258900,orotic aciduria
OMIM:164820,WNT1
OMIM:614671,chromosome 16p11.2 duplication syndrome
OMIM:602281,MFGE8
OMIM:106600,"tooth agenesis, selective, 1"
OMIM:113520,BCAT1
OMIM:146500,"multiple system atrophy 1, susceptibility to"
OMIM:188400,digeorge syndrome
OMIM:138440,GART
OMIM:610795,SORBS3
OMIM:172430,ENO1
OMIM:600438,TFAM
OMIM:617966,low density lipoprotein cholesterol level quantitative trait locus 7
OMIM:605467,ZNF274
OMIM:276900,"usher syndrome, type 1"
OMIM:601493,"cardiomyopathy, dilated, 1c, with or without left ventricular noncompaction"
OMIM:607083,NSD3
OMIM:166700,buschke-ollendorff syndrome
OMIM:175100,familial adenomatous polyposis 1
OMIM:300163,FHL1
OMIM:603830,long qt syndrome 3
OMIM:620798,FRYL
OMIM:603050,ABI1
OMIM:180472,RPS17
OMIM:600124,HNRNPA2B1
OMIM:108800,atrial septal defect 1
OMIM:613426,"cardiomyopathy, dilated, 1s"
OMIM:190685,down syndrome
OMIM:116810,CTSB
OMIM:137750,"glaucoma 1, open angle, a"
OMIM:301500,fabry disease
OMIM:604457,SP110
OMIM:600376,"telangiectasia, hereditary hemorrhagic, type 2"
OMIM:250800,methemoglobinemia due to deficiency of methemoglobin reductase
OMIM:120140,COL2A1
OMIM:615557,"melioidosis, susceptibility to"
OMIM:272800,tay-sachs disease
OMIM:608616,OBSCN
OMIM:611223,AKT3
OMIM:314370,UBA1
OMIM:605692,TRPM7
OMIM:194200,wolff-parkinson-white syndrome
OMIM:610651,"xeroderma pigmentosum, complementation group B"
OMIM:612219,ewing sarcoma
OMIM:613660,cone-rod dystrophy 15
OMIM:189800,preeclampsia/eclampsia 1
OMIM:615396,left ventricular noncompaction 10
OMIM:156100,MN1
OMIM:615489,"macular degeneration, age-related, 14"
OMIM:610713,brachydactyly-syndactyly syndrome
OMIM:112261,BMP2
OMIM:206900,"microphthalmia, syndromic 3"
OMIM:613223,"leprosy, susceptibility to, 5"
OMIM:619066,ZNF532
OMIM:610125,"microphthalmia, syndromic 5"
OMIM:613861,retinitis pigmentosa 59
OMIM:309550,FMR1
OMIM:173410,PDGFRB
OMIM:606672,GP1BA
OMIM:612157,SENP1
OMIM:116790,COMT
OMIM:616708,desanto-shinawi syndrome
OMIM:608232,"leukemia, chronic myeloid"
OMIM:312820,SSX1
OMIM:600625,orofacial cleft 11
OMIM:612337,"intellectual developmental disorder, autosomal dominant 22"
OMIM:615997,DEFB119
OMIM:611136,"epilepsy, idiopathic generalized, susceptibility to, 13"
OMIM:243400,"acetylation, slow"
OMIM:243180,"visceral neuropathy, familial, 1, autosomal recessive"
OMIM:605496,CEP1
OMIM:231550,achalasia-addisonianism-alacrima syndrome
OMIM:612309,F5
OMIM:616181,ZNF713
OMIM:600701,HMGA1
OMIM:613750,retinitis pigmentosa 27
OMIM:110700,"blood group, duffy system"
OMIM:601993,NCOA2
OMIM:158350,cowden syndrome 1
OMIM:605445,DLGAP1
OMIM:131100,"multiple endocrine neoplasia, type 1"
OMIM:604405,SIGLEC6
OMIM:151623,li-fraumeni syndrome
OMIM:601884,bone mineral density quantitative trait locus 1
OMIM:610079,SIAE
OMIM:102480,ACR
OMIM:600618,ETV6
OMIM:161555,KLRC1
OMIM:275000,graves disease
OMIM:601019,SLC6A9
OMIM:612205,ATG9B
OMIM:610016,MIR132
OMIM:619990,TMED7
OMIM:276400,"twinning, dizygotic"
OMIM:618983,"blood group, lewis system"
OMIM:600922,MYLK
OMIM:165550,"optic nerve hypoplasia, bilateral"
OMIM:600299,PCM1
OMIM:202400,"afibrinogenemia, congenital"
OMIM:162320,TAC1
OMIM:161400,narcolepsy 1
OMIM:612486,DCHS2
OMIM:608160,SOX9
OMIM:605297,NELFCD
OMIM:314670,XIST
OMIM:268310,"robinow syndrome, autosomal recessive 1"
OMIM:601879,LGALS9
OMIM:607948,"mycobacterium tuberculosis, susceptibility to"
OMIM:609757,williams-beuren region duplication syndrome
OMIM:146880,HLA-DQA1
OMIM:400045,"46,xx sex reversal 1"
OMIM:617476,CNKSR3
OMIM:611593,SMR3B
OMIM:602588,branchiootic syndrome 1
OMIM:605337,CFHR4
OMIM:102200,"pituitary adenoma 1, multiple types"
OMIM:123803,ATF1
OMIM:608737,RAB11FIP1
OMIM:604953,KIR2DS2
OMIM:611819,long qt syndrome 10
OMIM:261640,"hyperphenylalaninemia, bh4-deficient, a"
OMIM:612838,brugada syndrome 5
OMIM:176310,PBX1
OMIM:259100,"hypertrophic osteoarthropathy, primary, autosomal recessive, 1"
OMIM:607682,"epilepsy, idiopathic generalized, susceptibility to, 9"
OMIM:604260,STAT5B
OMIM:614886,peroxisome biogenesis disorder 12a (zellweger)
OMIM:191315,NTRK1
OMIM:231000,"gaucher disease, type 3"
OMIM:164757,BRAF
OMIM:118423,CHN1
OMIM:189300,"tongue curling, folding, or rolling"
OMIM:120700,C3
OMIM:138945,GRN
OMIM:601568,ADD3
OMIM:618147,intellectual developmental disorder with hypertelorism and distinctive facies
OMIM:601228,"polyposis syndrome, hereditary mixed, 1"
OMIM:601459,PNOC
OMIM:142385,HLF
OMIM:176920,proteus syndrome
OMIM:603470,ASS1
OMIM:165080,ERG
OMIM:256050,"atelosteogenesis, type 2"
OMIM:516000,MTND1
OMIM:147100,IGHG1
OMIM:613978,hemoglobin h disease
OMIM:304020,"cone-rod dystrophy, x-linked, 1"
OMIM:613688,long qt syndrome 2
OMIM:277000,mayer-rokitansky-kuster-hauser syndrome
OMIM:600049,MDS1
OMIM:217090,"plasminogen deficiency, type 1"
OMIM:602060,TMPRSS2
OMIM:608793,SPECC1
OMIM:123620,CRYBB2
OMIM:180240,RARA
OMIM:135290,"desmoid disease, hereditary"
OMIM:109780,bkm DNA
OMIM:174400,"polydactyly, preaxial 1"
OMIM:273300,testicular germ cell tumor
OMIM:611590,"renal tubular acidosis, distal, 4, with hemolytic anemia"
OMIM:613820,nephronophthisis 12
OMIM:600140,CREBBP
OMIM:136533,FOXO1A
OMIM:311800,PGK1
OMIM:236200,homocystinuria due to cystathionine beta-synthase deficiency
OMIM:604984,STK24
OMIM:102980,ADCYAP1
OMIM:614686,FAM50B
OMIM:601634,"neural tube defects, folate-sensitive"
OMIM:227010,ermine phenotype
OMIM:612641,ANK1
OMIM:103100,adie pupil
OMIM:300351,"graves disease, susceptibility to, X-linked 1"
OMIM:147050,"ige responsiveness, atopic"
OMIM:300495,"autism, susceptibility to, X-linked 2"
OMIM:600610,GABPB
OMIM:607897,MSI2
OMIM:137760,"glaucoma, primary open angle"
OMIM:603165,"dermatitis, atopic"
OMIM:605644,KLK8
OMIM:168601,"parkinson disease 1, autosomal dominant"
OMIM:607150,FEV
OMIM:256810,mitochondrial DNA depletion syndrome 6 (hepatocerebral type)
OMIM:607153,ITGB1BP1
OMIM:603065,NR1I2
OMIM:606078,MRTFA
OMIM:614722,MIR3120
OMIM:618406,body mass index quantitative trait locus 20
OMIM:605552,abdominal obesity-metabolic syndrome 1
OMIM:601800,"skin/hair/eye pigmentation, variation in, 3"
OMIM:614844,nephronophthisis 14
OMIM:602614,MAP3K7
OMIM:605131,WWOX
OMIM:606597,PAX3
OMIM:101600,pfeiffer syndrome
OMIM:608263,HSPBAP1
OMIM:606777,glut1 deficiency syndrome 1
OMIM:607305,mds2 gene
OMIM:176410,"precocious puberty, male-limited"
OMIM:305000,"dyskeratosis congenita, X-linked"
OMIM:613146,MIR184
OMIM:601721,BIRC3
OMIM:603693,ZFPM2
OMIM:607785,juvenile myelomonocytic leukemia
OMIM:100650,ALDH2
OMIM:160120,"episodic ataxia, type 1"
OMIM:613508,sodium serum level quantitative trait locus 1
OMIM:133435,RUNX1T1
OMIM:600542,NR4A3
OMIM:127700,"dyslexia, susceptibility to, 1"
OMIM:193007,"vertigo, benign recurrent"
OMIM:609015,mitochondrial trifunctional protein deficiency 1
OMIM:609246,PDXP
OMIM:210250,sitosterolemia 1
OMIM:107670,APOA2
OMIM:160800,"myotonia congenita, autosomal dominant"
OMIM:601144,brugada syndrome 1
OMIM:300206,IL1RAPL1
OMIM:193220,vitreoretinochoroidopathy
OMIM:606952,"albinism, oculocutaneous, type 1b"
OMIM:220100,cystinuria
OMIM:604370,"breast-ovarian cancer, familial, susceptibility to, 1"
OMIM:142800,HLA-A
OMIM:180470,RPN1
OMIM:613424,"cardiomyopathy, dilated, 1r"
OMIM:123885,S100A8
OMIM:608859,CD109
OMIM:613568,ZMYM4
OMIM:183090,spinocerebellar ataxia 2
OMIM:131550,EGFR
OMIM:214100,peroxisome biogenesis disorder 1a (zellweger)
OMIM:607698,LCOR
OMIM:168820,PON1
OMIM:603783,intelligence quantitative trait locus 1
OMIM:606999,GALT
OMIM:607020,RASSF5
OMIM:612712,leber congenital amaurosis 13
OMIM:602124,"dystonia 7, torsion"
OMIM:115450,CSN1
OMIM:615145,microphthalmia/coloboma 9
OMIM:138170,SLC2A3
OMIM:241500,"hypophosphatasia, infantile"
OMIM:612964,premature ovarian failure 7
OMIM:136570,"chromosome 16p12.1 deletion syndrome, 520-kb"
OMIM:612555,"breast-ovarian cancer, familial, susceptibility to, 2"
OMIM:600919,"cardiac arrhythmia, ankyrin-b-related"
OMIM:100300,adams-oliver syndrome 1
OMIM:612446,complement component 6 deficiency
OMIM:189889,TFCP2
OMIM:617948,elliptocytosis 3
OMIM:248250,"hypomagnesemia 3, renal"
OMIM:612052,smoking as a quantitative trait locus 3
OMIM:615487,SNORA2C
OMIM:612910,PHF23
OMIM:147545,IRS1
OMIM:619105,MIR30E
OMIM:608516,major depressive disorder
OMIM:109690,ADRB2
OMIM:605147,LECT1
OMIM:500007,cyclic vomiting syndrome
OMIM:516070,MTATP8
OMIM:110800,"blood group, 1 system"
OMIM:303700,blue cone monochromacy
OMIM:186910,CD8A
OMIM:607499,"bulimia nervosa, susceptibility to"
OMIM:166750,otodental dysplasia
OMIM:618608,"intellectual developmental disorder with nasal speech, dysmorphic facies, and variable skeletal anomalies"
OMIM:604201,"hepatic fibrosis, severe, susceptibility to, due to schistosoma mansoni infection"
OMIM:600582,ASPH
OMIM:604938,KIR2DL3
OMIM:137550,"melanocytic nevus syndrome, congenital"
OMIM:601487,PPARG
OMIM:612603,LCE1A
OMIM:606217,"atrioventricular septal defect, susceptibility to, 2"
OMIM:300979,chromosome xq25 duplication syndrome
OMIM:603620,PSIP1
OMIM:164690,ABL2
OMIM:217100,"constricting bands, congenital"
OMIM:109270,SLC4A1
OMIM:605491,NEBL
OMIM:200610,"achondrogenesis, type 2"
OMIM:603855,"cystic fibrosis, modifier of, 1"
OMIM:614081,anhaptoglobinemia
OMIM:609758,NKAIN2
OMIM:164870,ERBB2
OMIM:300357,CRLF2
OMIM:146800,ichthyosis bullosa of siemens
OMIM:146690,IMPDH1
OMIM:123660,CRYGA
OMIM:114480,breast cancer
OMIM:114130,CALCA
OMIM:617059,ZDBF2
OMIM:604760,ZNF236
OMIM:164951,NOTCH4
OMIM:603368,CDK6
OMIM:235400,"hemolytic uremic syndrome, atypical, susceptibility to, 1"
OMIM:600669,"epilepsy, idiopathic generalized"
OMIM:208530,right atrial isomerism
OMIM:604763,ARHGEF12
OMIM:601762,CASP10
OMIM:191316,NTRK3
OMIM:618041,PURG
OMIM:607364,"bartter syndrome, type 3"
OMIM:300661,phosphoribosylpyrophosphate synthetase superactivity
OMIM:604658,TM7SF1
OMIM:111300,"blood group, mn"
OMIM:604944,PPP2R3A
OMIM:607442,EML4
OMIM:251000,methylmalonic aciduria due to methylmalonyl-coa mutase deficiency
OMIM:613428,retinitis pigmentosa 54
OMIM:604739,RBM39
OMIM:607676,immunodeficiency 67
OMIM:609612,"fibrosis of extraocular muscles, congenital, with synergistic divergence"
OMIM:605489,IFT81
OMIM:139400,hair whorl
OMIM:311300,"otopalatodigital syndrome, type 1"
OMIM:168461,CCND1
OMIM:124080,CYP11B2
OMIM:300067,"lissencephaly, x-linked, 1"
OMIM:116860,cerebral cavernous malformations
OMIM:618656,PERCC1
OMIM:604919,becker nevus syndrome
OMIM:263400,"erythrocytosis, familial, 2"
OMIM:119600,cleidocranial dysplasia 1
OMIM:219800,"cystinosis, nephropathic"
OMIM:133239,esophageal cancer
OMIM:600969,"epiphyseal dysplasia, multiple, 3"
OMIM:606840,"parasomnia, sleep bruxism type"
OMIM:106180,ACE
OMIM:600289,MAPK14
OMIM:194555,ZNF224
OMIM:614883,peroxisome biogenesis disorder 11a (zellweger)
OMIM:118420,chiari malformation type 1
OMIM:614887,peroxisome biogenesis disorder 13a (zellweger)
OMIM:605303,TACC3
OMIM:603345,SLC4A4
OMIM:308200,ichthyosis and male hypogonadism
OMIM:611654,CSPP1
OMIM:604710,LTBP4
OMIM:163731,NOS1
OMIM:300696,"myopathy, x-linked, with postural muscle atrophy"
OMIM:228960,high molecular weight kininogen deficiency
OMIM:113750,"albinism, oculocutaneous, type 6"
OMIM:151430,BCL2
OMIM:604332,CHIC2
OMIM:109565,BCL6
OMIM:614286,myelodysplastic syndrome
OMIM:614859,peroxisome biogenesis disorder 3a (zellweger)
OMIM:222100,type 1 diabetes mellitus
OMIM:609413,ERCC6
OMIM:134370,CFH
OMIM:600043,SULT1E1
OMIM:600274,frontotemporal dementia
OMIM:609416,MIR17
OMIM:230500,"gm1-gangliosidosis, type 1"
OMIM:156490,NME1
OMIM:191080,TPSAB1
OMIM:225060,cleft lip/palate-ectodermal dysplasia syndrome
OMIM:147290,INHBA
OMIM:179050,PKM
OMIM:607086,"aortic aneurysm, familial thoracic 1"
OMIM:606791,TPTE2
OMIM:300048,"intestinal pseudoobstruction, neuronal, chronic idiopathic, X-linked"
OMIM:605472,"usher syndrome, type 2c"
OMIM:184850,stiff-person syndrome
OMIM:614545,EMC10
OMIM:600807,"asthma, susceptibility to"
OMIM:179503,RRAD
OMIM:142986,HOXD11
OMIM:107910,CYP19A1
OMIM:610665,FCGR3B
OMIM:602477,"epilepsy, idiopathic generalized, susceptibility to, 17"
OMIM:164761,RET
OMIM:202300,"adrenocortical carcinoma, hereditary"
OMIM:604686,AKAP13
OMIM:135940,FLG
OMIM:614338,pancreatic lipase deficiency
OMIM:618359,ZNF197
OMIM:614607,coffin-siris syndrome 2
OMIM:120430,coloboma of optic nerve
OMIM:177060,PRKCSH
OMIM:613116,thrombophilia due to histidine-rich glycoprotein deficiency
OMIM:125220,DEFA1
OMIM:131750,"epidermolysis bullosa dystrophica, autosomal dominant"
OMIM:191525,UNG
OMIM:602857,CHN2
OMIM:117141,CENPC1
OMIM:131240,EDN1
OMIM:613406,witteveen-kolk syndrome
OMIM:106150,AGT
OMIM:176797,ZBTB16
OMIM:137215,diffuse gastric and lobular breast cancer syndrome
OMIM:612348,"thrombophilia, familial, due to decreased release of tissue plasminogen activator"
OMIM:605704,VAPB
OMIM:612740,"porphyria, acute hepatic"
OMIM:607924,MALAT1
OMIM:603406,TRIM24
OMIM:615018,"blood group, sid system"
OMIM:171400,"multiple endocrine neoplasia, type 2a"
OMIM:126200,"multiple sclerosis, susceptibility to"
OMIM:120150,COL1A1
OMIM:609006,"deafness, autosomal recessive 36, with or without vestibular involvement"
OMIM:128239,DAG1
OMIM:607035,SUFU
OMIM:152445,LOR
OMIM:608856,CTAGE1
OMIM:602458,SORT1
OMIM:603158,USP8
OMIM:618942,IQANK1
OMIM:106400,ankylosing vertebral hyperostosis with tylosis
OMIM:607783,MESD
OMIM:111200,blood group--lutheran system
OMIM:601153,FHIT
OMIM:114200,camptodactyly 1
OMIM:148000,"kaposi sarcoma, susceptibility to"
OMIM:613093,cone dystrophy 4
OMIM:167415,PAX8
OMIM:159556,MLLT1
OMIM:142956,HOXA9
OMIM:159559,AFDN
OMIM:604975,SOX5
OMIM:601768,SH3GL1
OMIM:605003,SENP6
OMIM:615950,SPEG
OMIM:201910,"adrenal hyperplasia, congenital, due to 21-hydroxylase deficiency"
OMIM:300485,BCOR
OMIM:107720,APOC3
OMIM:600744,TFEB
OMIM:610640,YTHDF2
OMIM:135750,laurin-sandrow syndrome
OMIM:165215,MECOM
OMIM:610643,CIP2A
OMIM:609165,ichthyosis with confetti
OMIM:306000,glycogen storage disease ixa1
OMIM:118930,SCG2
OMIM:618856,"diabetes mellitus, permanent neonatal, 2"
OMIM:220290,"deafness, autosomal recessive 1a"
OMIM:247200,miller-dieker lissencephaly syndrome
OMIM:614316,VTI1A
OMIM:604271,"growth hormone insensitivity, partial"
OMIM:174900,juvenile polyposis syndrome
OMIM:615008,"nephrotic syndrome, type 7"
OMIM:300683,SEPT6
OMIM:133280,ESD
OMIM:261600,phenylketonuria
OMIM:615830,"pigmented nodular adrenocortical disease, primary, 4"
OMIM:604572,DNAJB1
OMIM:605909,"parkinson disease 6, autosomal recessive early-onset"
OMIM:613219,fasting plasma glucose level quantitative trait locus 2
OMIM:607536,CRTC1
OMIM:111400,"blood group, p1pk system"
OMIM:603489,CILP
OMIM:208920,"ataxia, early-onset, with oculomotor apraxia and hypoalbuminemia"
OMIM:140300,hashimoto thyroiditis
OMIM:608668,ZMYND11
OMIM:609241,"schindler disease, type 1"
OMIM:125400,"dentin dysplasia, type 1"
OMIM:613695,long qt syndrome 5
OMIM:126060,DHFR
OMIM:251450,desbuquois dysplasia 1
OMIM:606463,GBA
OMIM:613938,"parasomnia, sleepwalking type"
OMIM:610476,"arrhythmogenic right ventricular dysplasia, familial, 11"
OMIM:612285,joubert syndrome 9
OMIM:610092,microphthalmia/coloboma 3
OMIM:604947,KIR3DL2
OMIM:128710,"ear pits, posterior helical"
OMIM:176830,POMC
OMIM:144700,"renal cell carcinoma, nonpapillary"
OMIM:202110,"adrenal hyperplasia, congenital, due to 17-alpha-hydroxylase deficiency"
OMIM:618259,LINC01565
OMIM:173350,PLG
OMIM:191740,UGT1A1
OMIM:137060,B4GALT1
OMIM:232240,glycogen storage disease ic
OMIM:608834,CREB3L2
OMIM:615248,"cardiomyopathy, dilated, 1kk"
OMIM:620300,mitochondrial trifunctional protein deficiency 2
OMIM:168300,paramyotonia congenita
OMIM:238320,"leydig cell hypoplasia, type 1"
OMIM:607537,MAML2
OMIM:616148,TRIM59
OMIM:244600,keratoconus posticus circumscriptus
OMIM:156200,"intellectual developmental disorder, autosomal dominant 1"
OMIM:603622,"deafness, autosomal dominant 17"
OMIM:600057,bladder exstrophy and epispadias complex
OMIM:145980,"hypocalciuric hypercalcemia, familial, type 1"
OMIM:304790,"immunodysregulation, polyendocrinopathy, and enteropathy, X-linked"
OMIM:601574,TAF15
OMIM:615469,MIR574
OMIM:601665,obesity
OMIM:612530,chromosome 1q41-q42 deletion syndrome
OMIM:615373,left ventricular noncompaction 8
OMIM:159430,MBP
OMIM:608651,AGAP1
OMIM:127750,"dementia, lewy body"
OMIM:601011,CACNA1A
OMIM:256730,"ceroid lipofuscinosis, neuronal, 1"
OMIM:603025,PICALM
OMIM:168810,PRB2
OMIM:153245,LEF1
OMIM:138292,GFPT1
OMIM:618893,NOL4L
OMIM:106100,"angioedema, hereditary, 1"
OMIM:609519,TFPT
OMIM:238600,"hyperlipoproteinemia, type 1"
OMIM:602111,"spondyloepimetaphyseal dysplasia, missouri type"
OMIM:615667,ERCC6L2
OMIM:240300,"autoimmune polyendocrine syndrome, type i, with or without reversible metaphyseal dysplasia"
OMIM:605235,NOL3
OMIM:606788,"anorexia nervosa, susceptibility to"
OMIM:105400,amyotrophic lateral sclerosis 1
OMIM:602695,TNFSF12
OMIM:613544,chromosome 6q11-q14 deletion syndrome
OMIM:613013,"neuroblastoma, susceptibility to, 2"
OMIM:105830,angelman syndrome
OMIM:123810,CREB1
OMIM:251120,methylmalonyl-coa epimerase deficiency
OMIM:164011,NFKB1
OMIM:209880,"central hypoventilation syndrome, congenital, 1"
OMIM:605487,ARPP19
OMIM:176670,hutchinson-gilford progeria syndrome
OMIM:145001,hyperparathyroidism 2 with jaw tumors
OMIM:164014,RELA
OMIM:162260,"neurofibromatosis, type iii, mixed central and peripheral"
OMIM:601626,"leukemia, acute myeloid"
OMIM:609504,MCRS1
OMIM:188050,thrombophilia due to thrombin defect
OMIM:600711,ETV4
OMIM:616004,"dysfibrinogenemia, congenital"
OMIM:250100,metachromatic leukodystrophy
OMIM:276950,vacterl association with hydrocephalus
OMIM:605547,FSTL1
OMIM:115430,carpal tunnel syndrome 1
OMIM:192340,AVP
OMIM:620764,MISFA
OMIM:616521,"intellectual developmental disorder, autosomal dominant 39"
OMIM:601778,POLRMT
OMIM:610988,"leprosy, susceptibility to, 4"
OMIM:303100,choroideremia
OMIM:604379,hypotrichosis 7
OMIM:123859,CARS1
OMIM:615576,MIR185
OMIM:605232,WNK1
OMIM:104000,alopecia areata 1
OMIM:608133,retinitis pigmentosa 7
OMIM:152700,systemic lupus erythematosus
OMIM:256550,neuraminidase deficiency
OMIM:118943,chymosin pseudogene
OMIM:606636,NLRP1
OMIM:108010,arteriovenous malformations of the brain
OMIM:151250,AL-A1
OMIM:137800,glioma susceptibility 1
OMIM:174500,"polydactyly, preaxial 2"
OMIM:135700,"fibrosis of extraocular muscles, congenital, 1"
OMIM:137580,gilles lange 50a tourette syndrome
OMIM:611324,CLSTN3
OMIM:310500,"night blindness, congenital stationary, type 1a"
OMIM:300192,SSX2
OMIM:606270,TLR10
OMIM:270960,spermatogenic failure 4
OMIM:604582,PALM2AKAP2
OMIM:610067,MYO18A
OMIM:601803,pallister-killian syndrome
OMIM:607193,RGS20
OMIM:604585,SP100
OMIM:107970,"arrhythmogenic right ventricular dysplasia, familial, 1"
OMIM:610353,"epilepsy, nocturnal frontal lobe, 4"
OMIM:260540,parkinson-dementia syndrome
OMIM:121200,"seizures, benign familial neonatal, 1"
OMIM:607921,retinitis pigmentosa 30
OMIM:601556,ATXN1
OMIM:606245,SUZ12
OMIM:136350,FGFR1
OMIM:232500,glycogen storage disease 4
OMIM:168730,PRH1
OMIM:248370,mandibuloacral dysplasia with type a lipodystrophy
OMIM:606918,GOLGA5
OMIM:180990,PRB4
OMIM:614382,"bacteremia, susceptibility to, 1"
OMIM:176450,currarino syndrome
OMIM:616229,"osteogenesis imperfecta, type 16"
OMIM:615699,ZFTA
OMIM:613341,leber congenital amaurosis 14
OMIM:614862,peroxisome biogenesis disorder 4a (zellweger)
OMIM:306955,"heterotaxy, visceral, 1, X-linked"
OMIM:176860,"thrombophilia due to protein c deficiency, autosomal dominant"
OMIM:614175,"meckel syndrome, type 10"
OMIM:160745,MYH11
OMIM:616813,AGAP3
OMIM:605462,"basal cell carcinoma, susceptibility to, 1"
OMIM:601494,"cardiomyopathy, dilated, 1d"
OMIM:607459,"sensory ataxic neuropathy, dysarthria, and ophthalmoparesis"
OMIM:601267,CCR2
OMIM:142623,"hirschsprung disease, susceptibility to, 1"
OMIM:610889,IPO11
OMIM:610424,"hepatitis B virus, susceptibility to"
OMIM:173490,PDGFRA
OMIM:110900,blood group--kell system
OMIM:125264,DEK
OMIM:600300,SLC1A2
OMIM:604283,PRG4
OMIM:609875,ATOH7
OMIM:180920,aplasia of lacrimal and salivary glands
OMIM:616628,FAM220A
OMIM:602221,ZMYM2
OMIM:615264,"blood group, vel system"
OMIM:610500,ANKHD1
OMIM:312750,rett syndrome
OMIM:110300,ABO
OMIM:156535,MBD1
OMIM:609986,CARD6
OMIM:230400,galactosemia 1
OMIM:607822,alzheimer disease 3
OMIM:606710,LHFPL6
OMIM:612158,"cardiomyopathy, dilated, 1aa, with or without left ventricular noncompaction"
OMIM:190120,THRA
OMIM:615558,"hypobetalipoproteinemia, familial, 1"
OMIM:600698,HMGA2
OMIM:605880,KAT6B
OMIM:274270,dihydropyrimidine dehydrogenase deficiency
OMIM:167410,PAX7
OMIM:603460,CDK5R1
OMIM:604221,ACTR2
OMIM:605353,GHRL
OMIM:613843,leber congenital amaurosis 15
OMIM:602498,TFG
OMIM:609173,KNL1
OMIM:601408,KAT6A
OMIM:121010,PPBP
OMIM:312060,"properdin deficiency, X-linked"
OMIM:619635,ZFYVE19
OMIM:602390,"hemochromatosis, type 2a"
OMIM:208000,"arterial calcification, generalized, of infancy, 1"
OMIM:165360,CBL
OMIM:156360,MT2A
OMIM:606482,"charcot-marie-tooth disease, dominant intermediate B"
OMIM:604563,"charcot-marie-tooth disease, type 4b2"
OMIM:609532,"hepatitis c virus, susceptibility to"
OMIM:194470,"zinc, elevated plasma"
OMIM:101200,apert syndrome
OMIM:142445,NRG1
OMIM:300377,DMD
OMIM:614411,glycerol quantitative trait locus
OMIM:603381,FLNB
OMIM:241100,"hypogonadism, male"
OMIM:600065,ITGB2
OMIM:614091,short-rib thoracic dysplasia 7 with or without polydactyly
OMIM:602542,BTF3
OMIM:620410,low density lipoprotein cholesterol level quantitative trait locus 3
OMIM:618921,LACTB2
OMIM:611134,"meckel syndrome, type 4"
OMIM:603238,RNU17D
OMIM:600358,GMPS
OMIM:605047,IRF7
OMIM:300100,adrenoleukodystrophy
OMIM:612290,"microtia, hearing impairment, and cleft palate"
OMIM:610112,CMIP
OMIM:602833,H4C9
OMIM:267430,renal tubular dysgenesis
OMIM:605494,ITGB3BP
OMIM:600160,CDKN2A
OMIM:181750,"scleroderma, familial progressive"
OMIM:300422,fg syndrome 4
OMIM:613693,long qt syndrome 6
OMIM:612140,SEPT14
OMIM:604860,MALT1
OMIM:612031,INHBE
OMIM:604403,"generalized epilepsy with febrile seizures plus, type 2"
OMIM:165160,JUN
OMIM:300833,"46,xx sex reversal 3"
OMIM:174800,mccune-albright syndrome
OMIM:607686,FIP1L1
OMIM:188830,PRKAR1A
OMIM:615615,immunodeficiency 18
OMIM:110450,"blood group, colton system"
OMIM:615528,"parkinson disease 19a, juvenile-onset"
OMIM:278760,"xeroderma pigmentosum, complementation group f"
OMIM:147250,solitary median maxillary central incisor
OMIM:610608,GINS1
OMIM:164772,FOSB
OMIM:602430,ROBO1
OMIM:164040,NPM1
OMIM:605899,glycine encephalopathy 1
OMIM:601806,MCM6
OMIM:163729,NOS3
OMIM:613120,brugada syndrome 7
OMIM:277410,"methylmalonic aciduria and homocystinuria, cbld type"
OMIM:158070,SLC3A2
OMIM:611162,"malaria, susceptibility to"
OMIM:601234,NACA
OMIM:610871,sakoda complex
OMIM:301410,"neural tube defects, X-linked"
OMIM:147796,JAK2
OMIM:608052,TOR2A
OMIM:602920,LASP1
OMIM:602186,VGF
OMIM:602409,MLLT10
OMIM:254500,"myeloma, multiple"
OMIM:142701,HTN1
OMIM:602358,HCRT
OMIM:613443,"neurodevelopmental disorder with hypotonia, stereotypic hand movements, and impaired language"
OMIM:617368,SH3BP1
OMIM:611598,"celiac disease, susceptibility to, 6"
OMIM:182889,ZP3
OMIM:180190,RARG
OMIM:303800,"colorblindness, partial, deutan series"
OMIM:611489,corticosteroid-binding globulin deficiency
OMIM:118955,CLTC
OMIM:147660,IFNA1
OMIM:601744,"systemic lupus erythematosus, susceptibility to, 1"
OMIM:600480,TCF12
OMIM:603023,IKZF1
OMIM:606255,stature as a quantitative trait
OMIM:254770,"epilepsy, myoclonic juvenile"
OMIM:608819,KRTAP1-1
OMIM:620079,LINC00467
OMIM:601924,COPA
OMIM:136880,fundus albipunctatus
OMIM:191081,TPSB2
OMIM:130590,EEF1A1
OMIM:300199,RBMX
OMIM:149300,"nail disorder, nonsyndromic congenital, 2"
OMIM:178500,interstitial lung disease 2
OMIM:200990,acrocallosal syndrome
OMIM:139393,"guillain-barre syndrome, familial"
OMIM:191030,TPM3
OMIM:614872,peroxisome biogenesis disorder 7a (zellweger)
OMIM:611913,"chromosome 16p11.2 deletion syndrome, 593-kb"
OMIM:614876,peroxisome biogenesis disorder 8a (zellweger)
OMIM:164012,NFKB2
OMIM:152760,GNRH1
OMIM:617936,butyrylcholinesterase deficiency
OMIM:171200,thiourea tasting
OMIM:561010,MTRNR2
OMIM:602724,SEPT5
OMIM:612075,mitochondrial DNA depletion syndrome 8a (encephalomyopathic type with renal tubulopathy)
OMIM:617047,"cardiomyopathy, familial hypertrophic, 26"
OMIM:613444,"chromosome 16p11.2 deletion syndrome, 220-kb"
OMIM:600145,sacral defect with anterior meningocele
OMIM:264300,17-beta hydroxysteroid dehydrogenase 3 deficiency
OMIM:141749,fetal hemoglobin quantitative trait locus 1
OMIM:130650,beckwith-wiedemann syndrome
OMIM:131220,FGF1
OMIM:165020,ROS1
OMIM:615190,"dyskeratosis congenita, autosomal recessive 5"
OMIM:607487,"cardiomyopathy, familial hypertrophic, 25"
OMIM:609423,"human immunodeficiency virus type 1, susceptibility to"
OMIM:618782,long qt syndrome 16
OMIM:125485,DSPP
OMIM:611458,GLB1
OMIM:257200,"niemann-pick disease, type a"
OMIM:203200,"albinism, oculocutaneous, type 2"
OMIM:607996,preproneuropeptide B
OMIM:306900,hemophilia B
OMIM:306400,"granulomatous disease, chronic, X-linked"
OMIM:266300,"skin/hair/eye pigmentation, variation in, 2"
OMIM:146300,"hypophosphatasia, adult"
OMIM:606236,ASPSCR1
OMIM:606009,DUX4
OMIM:612358,KNG1
OMIM:613399,"breast-ovarian cancer, familial, susceptibility to, 3"
OMIM:605370,ARHGAP26
OMIM:614323,"nevoid hypermelanosis, linear and whorled"
OMIM:605301,TACC1
OMIM:156225,LAMA2
OMIM:606485,POLR2M
OMIM:600939,IL11RA
OMIM:602093,cone dystrophy 3
OMIM:311040,ELK1
OMIM:143890,"hypercholesterolemia, familial, 1"
OMIM:308100,"ichthyosis, X-linked"
OMIM:185490,SOD3
OMIM:165640,ODC1
OMIM:114550,hepatocellular carcinoma
OMIM:122700,coumarin resistance
OMIM:610827,ZNF335
OMIM:110100,"blepharophimosis, ptosis, and epicanthus inversus"
OMIM:300615,brunner syndrome
OMIM:236250,"homocystinuria due to deficiency of n(5,10)-methylenetetrahydrofolate reductase activity"
OMIM:610217,neurodegeneration with brain iron accumulation 2b
OMIM:150330,LMNA
OMIM:143470,hyperalphalipoproteinemia 1
OMIM:147141,TCF3
OMIM:612242,chromosome 10q22.3-q23.2 deletion syndrome
OMIM:606873,HEXB
OMIM:604798,HOMER1
OMIM:147390,INHBB
OMIM:606525,SRGAP3
OMIM:171800,ALPP
OMIM:190070,KRAS
OMIM:314310,TFE3
OMIM:208550,"asthma, nasal polyps, and aspirin intolerance"
OMIM:611537,CTNNBL1
OMIM:606407,hypotonia-cystinuria syndrome
OMIM:173800,poland syndrome
OMIM:176730,INS
OMIM:605526,alzheimer disease 6
OMIM:602015,ODF2
OMIM:163950,noonan syndrome 1
OMIM:300525,P2RY8
OMIM:209300,atransferrinemia
OMIM:607107,nasopharyngeal carcinoma
OMIM:123886,S100A9
OMIM:312170,pyruvate dehydrogenase e1-alpha deficiency
OMIM:602381,NAB2
OMIM:612541,"neutropenia, severe congenital, 4, autosomal recessive"
OMIM:105580,anal canal carcinoma
OMIM:233910,"hyperphenylalaninemia, bh4-deficient, B"
OMIM:220200,dandy-walker syndrome
OMIM:235000,"hemihyperplasia, isolated"
OMIM:126337,DDIT3
OMIM:102700,"severe combined immunodeficiency, autosomal recessive, t cell-negative, B cell-negative, nk cell-negative, due to adenosine deaminase deficiency"
OMIM:605102,MASP2
OMIM:252600,mucolipidosis 3 alpha/beta
OMIM:236400,humeroradial synostosis
OMIM:107730,APOB
OMIM:120070,COL4A3
OMIM:231300,"glaucoma 3, primary congenital, a"
OMIM:600985,TNXB
OMIM:605495,SLCO1B3
OMIM:603616,RABEP1
OMIM:103300,hypoglossia-hypodactylia
OMIM:606509,FCRL2
OMIM:232400,glycogen storage disease 3
OMIM:102578,PML
OMIM:609337,MIR155
OMIM:600700,LPP
OMIM:606985,ELP4
OMIM:153400,lymphedema-distichiasis syndrome
OMIM:311770,PIGA
OMIM:614057,MIR409
OMIM:610516,GLYCTK
OMIM:601941,type 1 diabetes mellitus 6
OMIM:176000,"porphyria, acute intermittent"
OMIM:251260,nijmegen breakage syndrome
OMIM:614879,peroxisome biogenesis disorder 9b
OMIM:610582,"diabetes mellitus, transient neonatal, 3"
OMIM:310700,"nystagmus 1, congenital, X-linked"
OMIM:606346,"deafness, autosomal dominant 22"
OMIM:115197,"cardiomyopathy, familial hypertrophic, 4"
OMIM:607855,"muscular dystrophy, congenital merosin-deficient, 1a"
OMIM:109200,"alopecia, androgenetic, 1"
OMIM:604827,"epilepsy, idiopathic generalized, susceptibility to, 7"
OMIM:609784,UBP1
OMIM:600474,CAMP
OMIM:187000,"teeth, odd shapes of"
OMIM:605383,IL21R
OMIM:601186,"microphthalmia, syndromic 9"
OMIM:137070,FUS
OMIM:617562,meckel syndrome 13
OMIM:151210,"platyspondylic lethal skeletal dysplasia, torrance type"
OMIM:607435,ERAL1
OMIM:313850,thoracoabdominal syndrome
OMIM:610251,"alcohol sensitivity, acute"
OMIM:606845,GOPC
OMIM:613254,tuberous sclerosis 2
OMIM:164009,NUMA1
OMIM:610024,retinal cone dystrophy 3a
OMIM:154800,"mastocytosis, cutaneous"
OMIM:611178,GALP
OMIM:610606,CPEB3
OMIM:611767,MIR126
OMIM:300806,AFF2
OMIM:260500,papilloma of choroid plexus
OMIM:613207,"asthma-related traits, susceptibility to, 8"
OMIM:192320,VIP
OMIM:604605,KALRN
OMIM:607856,CGNL1
OMIM:214110,peroxisome biogenesis disorder 2a (zellweger)
OMIM:601804,SP3
OMIM:300755,"agammaglobulinemia, X-linked"
OMIM:609463,MRTFB
OMIM:612133,NFE4
OMIM:125853,type 2 diabetes mellitus
OMIM:124300,darwinian tubercle of pinna
OMIM:613065,"leukemia, acute lymphoblastic"
OMIM:609508,"stickler syndrome, type i, nonsyndromic ocular"
OMIM:601984,NCOA4
OMIM:607120,PLCB1
OMIM:605392,FGFR1OP
OMIM:608390,"myotonia, potassium-aggravated"
OMIM:230750,gastroschisis
OMIM:116896,CUX1
OMIM:178600,"pulmonary hypertension, primary, 1"
OMIM:613768,RNF213
OMIM:612885,premature ovarian failure 10
OMIM:609135,aplastic anemia
OMIM:400044,"46,xy sex reversal 1"
OMIM:607432,lissencephaly 1
OMIM:230600,"gm1-gangliosidosis, type 2"
OMIM:608963,NUTM1
OMIM:223100,"lactose intolerance, adult type"
OMIM:133020,"erythermalgia, primary"
OMIM:276000,PRSS1
OMIM:607681,"febrile seizures, familial, 8"
OMIM:606963,"pulmonary disease, chronic obstructive"
OMIM:151600,"nail disorder, nonsyndromic congenital, 3"
OMIM:601564,PRSS2
OMIM:133200,erythrokeratodermia variabilis et progressiva 1
OMIM:277180,"vas deferens, congenital bilateral aplasia of"
OMIM:613344,KIAA1549
OMIM:245570,"epilepsy, focal, with speech disorder and with or without impaired intellectual development"
OMIM:601067,"usher syndrome, type 1d"
OMIM:300807,"thrombophilia, x-linked, due to factor 9 defect"
OMIM:611568,SYBU
OMIM:121360,CBFB
OMIM:611799,LCORL
OMIM:106165,AGTR1
OMIM:314375,SLC35A2
OMIM:614500,cone-rod dystrophy 16
OMIM:254090,ullrich congenital muscular dystrophy 1a
OMIM:612820,NPTN
OMIM:120328,COL18A1
OMIM:601536,athabaskan brainstem dysgenesis syndrome
OMIM:142976,HOXC13
OMIM:613487,MIR212
OMIM:123400,creutzfeldt-jakob disease
OMIM:614870,peroxisome biogenesis disorder 6a (zellweger)
OMIM:124090,COX6C
OMIM:607833,TAC4
OMIM:602522,"bartter syndrome, type 4a, neonatal, with sensorineural deafness"
OMIM:162300,"multiple endocrine neoplasia, type 2b"
OMIM:604889,NBEA
OMIM:606543,HDAC9
OMIM:603567,PIAS2
OMIM:609322,rhabdoid tumor predisposition syndrome 1
OMIM:613659,gastric cancer
OMIM:132400,"epiphyseal dysplasia, multiple, 1"
OMIM:300399,PCSK1N
OMIM:300049,periventricular nodular heterotopia 1
OMIM:614546,"efavirenz, poor metabolism of"
OMIM:601859,autoimmune lymphoproliferative syndrome
OMIM:193067,FLI1
OMIM:614332,chromosome 2p16.3 deletion syndrome
OMIM:193300,von hippel-lindau syndrome
OMIM:173310,PAEP
OMIM:277400,"methylmalonic aciduria and homocystinuria, cblc type"
OMIM:104300,"alzheimer disease, familial, 1"
OMIM:133780,exudative vitreoretinopathy 1
OMIM:608705,ITGB1BP3
OMIM:134934,FGFR3
OMIM:613191,DUSP13
OMIM:300031,FAM11A
OMIM:607027,ATP6V1A
OMIM:605069,MKNK2
OMIM:614866,peroxisome biogenesis disorder 5a (zellweger)
OMIM:225750,aicardi-goutieres syndrome 1
OMIM:604592,TCIRG1
OMIM:607665,tubulointerstitial nephritis with uveitis
OMIM:611906,FNDC5
OMIM:147574,IRF9
OMIM:176270,prader-willi syndrome
OMIM:218040,costello syndrome
OMIM:300322,lesch-nyhan syndrome
OMIM:611060,SETBP1
OMIM:611291,"severe combined immunodeficiency with microcephaly, growth retardation, and sensitivity to ionizing radiation"
OMIM:608579,"severe cutaneous adverse reaction, susceptibility to"
OMIM:607834,anxiety
OMIM:604799,HOMER2
OMIM:602948,RAD51B
OMIM:182940,"neural tube defects, susceptibility to"
OMIM:605769,TRIM33
OMIM:618810,"pontocerebellar hypoplasia, hypotonia, and respiratory insufficiency syndrome, neonatal lethal"
OMIM:606077,RBM15
OMIM:616109,TOP6BL
OMIM:268240,rheumatic fever-related antigen
OMIM:256700,"neuroblastoma, susceptibility to, 1"
OMIM:608674,sh3 domain protein 19
OMIM:600655,EEF1B2
OMIM:605165,ZNF278
OMIM:612776,hypoglossia with situs inversus
OMIM:231680,multiple acyl-coa dehydrogenase deficiency
OMIM:126110,ARNT
OMIM:608262,DIRC3
OMIM:611284,"dystonia, focal, task-specific"
OMIM:189980,ABL1
OMIM:134660,GSTP1
OMIM:113600,branchial cleft anomalies
OMIM:610644,"palmoplantar hyperkeratosis with squamous cell carcinoma of skin and 46,xx sex reversal"
OMIM:611461,SLC22A17
OMIM:209850,autism
OMIM:617347,"hyperlipoproteinemia, type 3"
OMIM:608858,FGFR1OP2
OMIM:613654,MIR380
OMIM:602228,TCF7L2
OMIM:167800,"pancreatitis, hereditary"
OMIM:618857,"diabetes mellitus, permanent neonatal, 3"
OMIM:151385,RUNX1
OMIM:613735,brain malformations with or without urinary tract defects
OMIM:264800,pseudoxanthoma elasticum
OMIM:300475,"deafness, dystonia, and cerebral hypomyelination"
OMIM:607733,SCRIB
OMIM:600541,ETV1
OMIM:602210,EIF3E
OMIM:600432,CBLN1
OMIM:159557,AFF1
OMIM:137400,geographic and fissured tongue
OMIM:268150,"rh-null, regulator type"
OMIM:613578,PRSS3
OMIM:248200,stargardt disease 1
OMIM:616869,CNEP1R1
OMIM:614071,MYZAP
OMIM:607818,ZNF365
OMIM:618057,"drug metabolism, altered, ces1-related"
OMIM:115080,cardiac conduction defect
OMIM:609535,"drug metabolism, poor, cyp2c19-related"
OMIM:611622,IQCJ
OMIM:620727,ullrich congenital muscular dystrophy 1b
OMIM:103780,alcohol dependence
OMIM:176943,FGFR2
OMIM:174770,actinic prurigo
OMIM:311400,paine syndrome
OMIM:604961,PDE11A
OMIM:608749,BRD4
OMIM:605826,HEBP1
OMIM:108120,"arthrogryposis, distal, type 1a"
OMIM:114350,NUP214
OMIM:606749,TINAG
OMIM:217800,"macular dystrophy, corneal"
OMIM:127300,leri-weill dyschondrosteosis
OMIM:617955,phenytoin toxicity
OMIM:601198,"hypocalcemia, autosomal dominant 1"
OMIM:151740,ANXA2
OMIM:600943,SERPINH1
OMIM:609705,MIR24-1
OMIM:606215,atrioventricular septal defect
OMIM:139320,GNAS
OMIM:300425,"autism, susceptibility to, X-linked 1"
OMIM:108730,ATP2A1
OMIM:167000,ovarian cancer
OMIM:164020,HNRNPC
OMIM:115300,"hypercarotenemia and vitamin a deficiency, autosomal dominant"
OMIM:176894,PRKG1
OMIM:161050,"nail disorder, nonsyndromic congenital, 1"
OMIM:415000,"spermatogenic failure, y-linked, 2"
OMIM:603707,MOCS1
OMIM:123890,CTLA4
OMIM:164950,FGF3
OMIM:607102,WT1
OMIM:603026,PLAG1
OMIM:106210,aniridia 1
OMIM:215600,"cirrhosis, familial"
OMIM:614464,joubert syndrome 15
OMIM:607594,"immunodeficiency, common variable, 1"
OMIM:608446,"myocardial infarction, susceptibility to"
OMIM:611238,CHCHD7
OMIM:606608,YAP1
OMIM:176780,"pelvic organ prolapse, susceptibility to"
OMIM:515000,chloramphenicol toxicity
OMIM:174700,"polydactyly, preaxial 4"
OMIM:137440,gerstmann-straussler disease
OMIM:173500,platelet groups--ko system
OMIM:142340,"diaphragmatic hernia, congenital"
OMIM:188055,thrombophilia due to activated protein c resistance
OMIM:616553,"dyskeratosis congenita, autosomal dominant 6"
OMIM:601985,CCDC6
OMIM:604393,leber congenital amaurosis 4
OMIM:256040,proteasome-associated autoinflammatory syndrome 1
OMIM:607616,"niemann-pick disease, type B"
OMIM:147260,immunoglobulin switch sequences
OMIM:607507,"psoriatic arthritis, susceptibility to"
OMIM:179755,PRCC
OMIM:606803,ACOT11
OMIM:603932,intervertebral disc disease
OMIM:612477,IQCG
OMIM:162900,"nevus, epidermal"
OMIM:110750,GYPC
OMIM:607759,ITGA2B
OMIM:613989,"dyskeratosis congenita, autosomal dominant 2"
OMIM:603829,"ventricular fibrillation, paroxysmal familial, 1"
OMIM:138290,GLUL
OMIM:256731,"ceroid lipofuscinosis, neuronal, 5"
OMIM:612414,LRTOMT
OMIM:124200,darier-white disease
OMIM:614882,peroxisome biogenesis disorder 10a (zellweger)
OMIM:605411,KCND3
OMIM:118650,"chondrodysplasia punctata, autosomal dominant"
OMIM:608902,"drug metabolism, poor, cyp2d6-related"
OMIM:177850,"pseudoxanthoma elasticum, forme fruste"
OMIM:176880,PROS1
OMIM:185900,chromosome 2q35 duplication syndrome
OMIM:608636,chromosome 15q11-q13 duplication syndrome
OMIM:185100,"strabismus, susceptibility to"
OMIM:604943,SLC26A5
OMIM:180989,PRB1
OMIM:257220,"niemann-pick disease, type c1"
OMIM:607566,EPM2A
OMIM:609415,MIR17HG
OMIM:182500,SORD
OMIM:240400,hypoascorbemia
OMIM:603651,TRPC4
OMIM:608826,CGB7
OMIM:607516,"migraine with or without aura, susceptibility to, 6"
OMIM:608441,SYNE1
OMIM:615657,MIR142
OMIM:176801,PSAP
OMIM:176805,PTGS1
OMIM:303900,"colorblindness, partial, protan series"
OMIM:603282,zinc finger protein 204
OMIM:610149,"macular degeneration, age-related, 7"
OMIM:600039,BCL2L1
OMIM:246200,donohue syndrome
OMIM:300215,"lissencephaly, x-linked, 2"
OMIM:140100,HP
OMIM:605651,FBXW11
OMIM:109770,CEACAM1
OMIM:602534,SNAP23
OMIM:610601,KLK15
OMIM:141500,"migraine, familial hemiplegic, 1"
OMIM:231200,bernard-soulier syndrome
OMIM:300123,"intellectual developmental disorder, x-linked, with panhypopituitarism"
OMIM:616240,OLMALINC
OMIM:268800,sandhoff disease
OMIM:607341,"focal cortical dysplasia, type 2"
OMIM:176970,PRKCB
OMIM:142830,HLA-B
OMIM:615209,MIR149
OMIM:604475,RTN4
OMIM:613863,"generalized epilepsy with febrile seizures plus, type 7"
OMIM:152200,LPA
OMIM:613060,"epilepsy, idiopathic generalized, susceptibility to, 10"
OMIM:313000,"spatial visualization, aptitude for"
OMIM:607831,"charcot-marie-tooth disease, axonal, type 2k"
OMIM:193090,transcobalamin 1 deficiency
OMIM:614257,chromosome 20q11-q12 deletion syndrome
OMIM:613815,CYP21A2
OMIM:263200,polycystic kidney disease 4 with or without polycystic liver disease
OMIM:124060,CYP1A2
OMIM:266600,inflammatory bowel disease (crohn disease) 1
OMIM:608249,CCNB1IP1
OMIM:136850,FH
OMIM:602481,"migraine, familial hemiplegic, 2"
OMIM:193065,VCL
OMIM:179502,RAP1GDS1
OMIM:606246,JAZF1
OMIM:101400,saethre-chotzen syndrome
OMIM:164760,RAF1
OMIM:610050,TMPRSS13
OMIM:608820,KRTAP1-3
OMIM:600946,GHR
OMIM:612069,amyotrophic lateral sclerosis 10 with or without frontotemporal dementia
OMIM:603353,SLC4A7
OMIM:611794,MIR369
OMIM:613002,"immunodeficiency 83, susceptibility to viral infections"
OMIM:125647,DSP
OMIM:227650,"fanconi anemia, complementation group a"
OMIM:305400,aarskog-scott syndrome
OMIM:607485,"frontotemporal lobar degeneration with tdp43 inclusions, grn-related"
OMIM:268100,enhanced s-cone syndrome
OMIM:140600,osteoarthritis susceptibility 2
OMIM:133450,EWSR1
OMIM:400042,"spermatogenic failure, y-linked, 1"
OMIM:151410,BCR
OMIM:167414,PAX5
OMIM:604716,UGT2A1
OMIM:607313,"gaze palsy, familial horizontal, with progressive scoliosis 1"
OMIM:614266,barrett esophagus
OMIM:608866,FRA10AC1
OMIM:608757,CLP1
OMIM:606075,TWNK
OMIM:605357,STON1
OMIM:609795,QRFP
OMIM:602146,LHX4
OMIM:176100,porphyria cutanea tarda
OMIM:605700,TRIM39
OMIM:602391,PEMT
OMIM:607793,PPAN
OMIM:600880,budd-chiari syndrome
OMIM:610049,SARNP
OMIM:601767,HIP1
OMIM:120830,C4BPA
OMIM:278780,"xeroderma pigmentosum, complementation group g"
OMIM:107480,townes-brocks syndrome 1
OMIM:264600,pseudovaginal perineoscrotal hypospadias
OMIM:615017,MIR139
OMIM:237900,"hyperbilirubinemia, transient familial neonatal"
OMIM:192500,long qt syndrome 1
OMIM:613638,chromosome 19p13.13 deletion syndrome
OMIM:174200,"polydactyly, postaxial, type a1"
OMIM:610127,"ceroid lipofuscinosis, neuronal, 10"
OMIM:605221,SRSF10
OMIM:602450,severe combined immunodeficiency with sensitivity to ionizing radiation
OMIM:608852,pulmonary function
OMIM:616191,DLGAP4
OMIM:605112,TMOD3
OMIM:106070,"angioma, hereditary neurocutaneous"
OMIM:603157,PIK3R2
OMIM:133230,ESA5
OMIM:215800,"cleft larynx, posterior"
OMIM:617591,proteasome-associated autoinflammatory syndrome 3
OMIM:170500,hyperkalemic periodic paralysis
